race_date,venue_code,race_no,race_id,trifecta,probability,actual_trifecta,trifecta_payout,hit,stake_amount,return_amount
2026-06-28,01,1,2026-06-28_01_01,2-6-3,0.4481104905600689,3-6-4,1800.0,False,100.0,0.0
2026-06-28,01,2,2026-06-28_01_02,1-5-2,0.5334302799744544,1-5-2,6570.0,True,100.0,6570.0
2026-06-28,01,3,2026-06-28_01_03,4-1-5,0.5334302799744544,4-1-5,17860.0,True,100.0,17860.0
2026-06-28,01,4,2026-06-28_01_04,5-6-1,0.41275172295928464,5-6-1,8350.0,True,100.0,8350.0
2026-06-28,01,5,2026-06-28_01_05,1-2-6,0.44165235066786596,2-1-4,1430.0,False,100.0,0.0
2026-06-28,01,6,2026-06-28_01_06,1-4-6,0.44165235066786596,1-4-6,1440.0,True,100.0,1440.0
2026-06-28,01,7,2026-06-28_01_07,3-5-1,0.43850271961653225,1-3-2,980.0,False,100.0,0.0
2026-06-28,01,8,2026-06-28_01_08,5-3-1,0.43850271961653225,5-6-1,4320.0,False,100.0,0.0
2026-06-28,01,9,2026-06-28_01_09,2-3-5,0.5334302799744544,2-3-5,5290.0,True,100.0,5290.0
2026-06-28,01,10,2026-06-28_01_10,1-3-5,0.5595365616665355,1-3-5,4250.0,True,100.0,4250.0
2026-06-28,01,11,2026-06-28_01_11,1-6-2,0.5595365616665355,1-2-4,890.0,False,100.0,0.0
2026-06-28,01,12,2026-06-28_01_12,1-4-5,0.4158533777842374,1-4-5,5860.0,True,100.0,5860.0
2026-06-28,02,1,2026-06-28_02_01,4-5-2,0.4481104905600689,4-5-2,3220.0,True,100.0,3220.0
2026-06-28,02,2,2026-06-28_02_02,1-6-3,0.41275172295928464,1-6-3,1800.0,True,100.0,1800.0
2026-06-28,02,3,2026-06-28_02_03,6-1-2,0.5334302799744544,6-1-2,4490.0,True,100.0,4490.0
2026-06-28,02,4,2026-06-28_02_04,2-4-3,0.5334302799744544,2-4-3,3260.0,True,100.0,3260.0
2026-06-28,02,5,2026-06-28_02_05,2-4-5,0.43850271961653225,2-4-5,6930.0,True,100.0,6930.0
2026-06-28,02,6,2026-06-28_02_06,4-1-2,0.42221954211833135,4-1-2,6130.0,True,100.0,6130.0
2026-06-28,02,7,2026-06-28_02_07,6-1-2,0.44165235066786596,2-1-5,3360.0,False,100.0,0.0
2026-06-28,02,8,2026-06-28_02_08,3-1-4,0.5334302799744544,3-1-4,5710.0,True,100.0,5710.0
2026-06-28,02,9,2026-06-28_02_09,5-1-2,0.4385027196165322,1-2-3,1170.0,False,100.0,0.0
2026-06-28,02,10,2026-06-28_02_10,3-2-6,0.5334302799744544,3-2-6,6050.0,True,100.0,6050.0
2026-06-28,02,11,2026-06-28_02_11,6-1-4,0.4385027196165322,1-4-2,1050.0,False,100.0,0.0
2026-06-28,02,12,2026-06-28_02_12,1-2-6,0.41275172295928464,1-2-6,760.0,True,100.0,760.0
2026-06-28,03,1,2026-06-28_03_01,1-5-2,0.43850271961653225,1-2-3,1590.0,False,100.0,0.0
2026-06-28,03,2,2026-06-28_03_02,2-3-5,0.41275172295928464,2-3-5,6070.0,True,100.0,6070.0
2026-06-28,03,3,2026-06-28_03_03,2-3-6,0.44811049056006896,2-3-6,2740.0,True,100.0,2740.0
2026-06-28,03,4,2026-06-28_03_04,1-2-5,0.42221954211833135,1-2-5,1130.0,True,100.0,1130.0
2026-06-28,03,5,2026-06-28_03_05,1-5-2,0.5595365616665355,1-5-3,1830.0,False,100.0,0.0
2026-06-28,03,6,2026-06-28_03_06,6-3-2,0.4481104905600689,3-2-6,5240.0,False,100.0,0.0
2026-06-28,03,7,2026-06-28_03_07,4-1-6,0.43850271961653225,4-1-2,2010.0,False,100.0,0.0
2026-06-28,03,8,2026-06-28_03_08,1-4-6,0.5595365616665355,1-4-6,3370.0,True,100.0,3370.0
2026-06-28,03,9,2026-06-28_03_09,3-4-1,0.42221954211833135,3-4-1,8830.0,True,100.0,8830.0
2026-06-28,03,10,2026-06-28_03_10,3-1-2,0.43850271961653225,3-1-2,6880.0,True,100.0,6880.0
2026-06-28,03,11,2026-06-28_03_11,5-1-4,0.4222195421183313,5-1-4,12300.0,True,100.0,12300.0
2026-06-28,03,12,2026-06-28_03_12,3-4-5,0.4222195421183313,3-4-5,8550.0,True,100.0,8550.0
2026-06-28,04,1,2026-06-28_04_01,2-3-5,0.44165235066786596,3-2-5,3530.0,False,100.0,0.0
2026-06-28,04,2,2026-06-28_04_02,1-5-3,0.42221954211833135,1-5-3,3570.0,True,100.0,3570.0
2026-06-28,04,3,2026-06-28_04_03,3-5-2,0.42221954211833135,3-5-2,7060.0,True,100.0,7060.0
2026-06-28,04,4,2026-06-28_04_04,2-5-1,0.5334302799744544,2-5-1,3420.0,True,100.0,3420.0
2026-06-28,04,5,2026-06-28_04_05,1-3-6,0.5334302799744544,1-3-6,3500.0,True,100.0,3500.0
2026-06-28,04,6,2026-06-28_04_06,3-1-2,0.41275172295928464,3-1-2,10270.0,True,100.0,10270.0
2026-06-28,04,7,2026-06-28_04_07,2-4-1,0.5595365616665355,3-2-4,3290.0,False,100.0,0.0
2026-06-28,04,8,2026-06-28_04_08,2-1-4,0.41275172295928464,2-1-4,4870.0,True,100.0,4870.0
2026-06-28,04,9,2026-06-28_04_09,1-3-5,0.42221954211833135,1-3-5,3540.0,True,100.0,3540.0
2026-06-28,04,10,2026-06-28_04_10,2-6-4,0.5334302799744544,2-6-4,28260.0,True,100.0,28260.0
2026-06-28,04,11,2026-06-28_04_11,1-2-5,0.44165235066786596,1-3-2,1190.0,False,100.0,0.0
2026-06-28,04,12,2026-06-28_04_12,1-2-4,0.4481104905600689,1-2-4,2070.0,True,100.0,2070.0
2026-06-28,05,1,2026-06-28_05_01,1-5-6,0.44165235066786596,1-5-2,1980.0,False,100.0,0.0
2026-06-28,05,2,2026-06-28_05_02,1-3-5,0.43850271961653225,1-3-5,2440.0,True,100.0,2440.0
2026-06-28,05,3,2026-06-28_05_03,2-4-6,0.5334302799744544,2-4-6,6200.0,True,100.0,6200.0
2026-06-28,05,4,2026-06-28_05_04,1-5-6,0.5334302799744544,1-5-6,10900.0,True,100.0,10900.0
2026-06-28,05,5,2026-06-28_05_05,1-3-2,0.5334302799744544,1-3-2,2020.0,True,100.0,2020.0
2026-06-28,05,6,2026-06-28_05_06,6-4-1,0.4222195421183313,6-4-1,38100.0,True,100.0,38100.0
2026-06-28,05,7,2026-06-28_05_07,3-6-1,0.5595365616665355,1-3-2,470.0,False,100.0,0.0
2026-06-28,05,8,2026-06-28_05_08,4-1-5,0.44165235066786596,1-4-2,770.0,False,100.0,0.0
2026-06-28,05,9,2026-06-28_05_09,2-4-1,0.44165235066786596,1-2-6,1420.0,False,100.0,0.0
2026-06-28,05,10,2026-06-28_05_10,1-3-6,0.5595365616665355,1-3-2,590.0,False,100.0,0.0
2026-06-28,05,11,2026-06-28_05_11,5-2-1,0.4222195421183313,5-2-1,13740.0,True,100.0,13740.0
2026-06-28,05,12,2026-06-28_05_12,1-4-2,0.5334302799744544,1-4-2,1170.0,True,100.0,1170.0
2026-06-28,07,1,2026-06-28_07_01,3-1-2,0.42221954211833135,3-1-2,7510.0,True,100.0,7510.0
2026-06-28,07,2,2026-06-28_07_02,4-3-1,0.4481104905600689,4-3-1,11960.0,True,100.0,11960.0
2026-06-28,07,3,2026-06-28_07_03,5-1-3,0.5334302799744544,5-1-3,12030.0,True,100.0,12030.0
2026-06-28,07,4,2026-06-28_07_04,2-3-4,0.4158533777842374,2-3-4,3650.0,True,100.0,3650.0
2026-06-28,07,5,2026-06-28_07_05,5-1-3,0.4481104905600689,5-1-3,3100.0,True,100.0,3100.0
2026-06-28,07,6,2026-06-28_07_06,4-1-6,0.43850271961653225,1-4-2,560.0,False,100.0,0.0
2026-06-28,07,7,2026-06-28_07_07,1-3-4,0.44811049056006896,1-3-4,1310.0,True,100.0,1310.0
2026-06-28,07,8,2026-06-28_07_08,1-4-6,0.5595365616665355,1-4-5,2110.0,False,100.0,0.0
2026-06-28,07,9,2026-06-28_07_09,1-3-5,0.441652350667866,1-3-5,1270.0,True,100.0,1270.0
2026-06-28,07,10,2026-06-28_07_10,3-5-1,0.5595365616665355,3-1-2,2020.0,False,100.0,0.0
2026-06-28,07,11,2026-06-28_07_11,1-2-4,0.43850271961653225,1-2-3,510.0,False,100.0,0.0
2026-06-28,07,12,2026-06-28_07_12,3-1-5,0.4385027196165322,3-1-5,3640.0,True,100.0,3640.0
2026-06-28,09,1,2026-06-28_09_01,2-1-4,0.44811049056006896,2-1-4,2070.0,True,100.0,2070.0
2026-06-28,09,2,2026-06-28_09_02,1-4-5,0.43850271961653225,1-4-5,1770.0,True,100.0,1770.0
2026-06-28,09,3,2026-06-28_09_03,1-4-2,0.43850271961653225,1-4-2,2400.0,True,100.0,2400.0
2026-06-28,09,4,2026-06-28_09_04,5-2-4,0.4481104905600689,1-5-2,830.0,False,100.0,0.0
2026-06-28,09,5,2026-06-28_09_05,1-2-4,0.4158533777842374,1-2-4,1200.0,True,100.0,1200.0
2026-06-28,09,6,2026-06-28_09_06,4-1-5,0.5334302799744544,4-1-5,1380.0,True,100.0,1380.0
2026-06-28,09,7,2026-06-28_09_07,4-3-1,0.4481104905600689,1-4-2,510.0,False,100.0,0.0
2026-06-28,09,8,2026-06-28_09_08,3-1-4,0.44165235066786596,1-3-2,400.0,False,100.0,0.0
2026-06-28,09,9,2026-06-28_09_09,1-5-6,0.5334302799744544,1-5-6,6130.0,True,100.0,6130.0
2026-06-28,09,10,2026-06-28_09_10,2-1-3,0.43850271961653225,2-1-4,2750.0,False,100.0,0.0
2026-06-28,09,11,2026-06-28_09_11,1-4-3,0.5334302799744544,1-4-3,2290.0,True,100.0,2290.0
2026-06-28,09,12,2026-06-28_09_12,1-4-3,0.43850271961653225,1-5-2,2620.0,False,100.0,0.0
2026-06-28,10,1,2026-06-28_10_01,1-5-2,0.5595365616665355,1-3-5,820.0,False,100.0,0.0
2026-06-28,10,2,2026-06-28_10_02,1-5-2,0.44165235066786596,2-1-3,1070.0,False,100.0,0.0
2026-06-28,10,3,2026-06-28_10_03,1-5-2,0.5334302799744544,1-5-2,3720.0,True,100.0,3720.0
2026-06-28,10,4,2026-06-28_10_04,1-4-2,0.5595365616665355,1-2-3,540.0,False,100.0,0.0
2026-06-28,10,5,2026-06-28_10_05,2-3-4,0.42221954211833135,2-3-4,9510.0,True,100.0,9510.0
2026-06-28,10,6,2026-06-28_10_06,3-2-1,0.4158533777842374,3-2-1,4720.0,True,100.0,4720.0
2026-06-28,10,7,2026-06-28_10_07,4-2-1,0.4481104905600689,3-4-1,1540.0,False,100.0,0.0
2026-06-28,10,8,2026-06-28_10_08,2-4-1,0.41275172295928464,2-4-1,9220.0,True,100.0,9220.0
2026-06-28,10,9,2026-06-28_10_09,1-3-6,0.43850271961653225,1-3-6,2990.0,True,100.0,2990.0
2026-06-28,10,10,2026-06-28_10_10,3-2-4,0.41275172295928464,3-2-4,7950.0,True,100.0,7950.0
2026-06-28,10,11,2026-06-28_10_11,2-1-3,0.41275172295928464,2-1-3,1430.0,True,100.0,1430.0
2026-06-28,10,12,2026-06-28_10_12,1-2-6,0.43850271961653225,1-5-2,1470.0,False,100.0,0.0
2026-06-28,12,1,2026-06-28_12_01,3-1-2,0.5595365616665355,3-2-1,3410.0,False,100.0,0.0
2026-06-28,12,2,2026-06-28_12_02,1-2-5,0.44165235066786596,4-1-5,3450.0,False,100.0,0.0
2026-06-28,12,3,2026-06-28_12_03,2-3-1,0.4158533777842374,2-3-1,3150.0,True,100.0,3150.0
2026-06-28,12,4,2026-06-28_12_04,5-1-4,0.4385027196165322,1-5-4,1090.0,False,100.0,0.0
2026-06-28,12,5,2026-06-28_12_05,2-6-1,0.43850271961653225,1-2-6,700.0,False,100.0,0.0
2026-06-28,12,6,2026-06-28_12_06,4-3-1,0.4481104905600689,1-5-4,1110.0,False,100.0,0.0
2026-06-28,12,7,2026-06-28_12_07,1-3-6,0.44165235066786596,1-4-6,1100.0,False,100.0,0.0
2026-06-28,12,8,2026-06-28_12_08,1-3-6,0.41275172295928464,1-3-6,2740.0,True,100.0,2740.0
2026-06-28,12,9,2026-06-28_12_09,6-3-4,0.4222195421183313,6-3-4,501250.0,True,100.0,501250.0
2026-06-28,12,10,2026-06-28_12_10,1-3-5,0.5595365616665355,1-3-2,490.0,False,100.0,0.0
2026-06-28,12,11,2026-06-28_12_11,1-3-5,0.42221954211833135,1-3-5,3090.0,True,100.0,3090.0
2026-06-28,12,12,2026-06-28_12_12,1-4-5,0.42221954211833135,1-4-5,4000.0,True,100.0,4000.0
2026-06-28,13,1,2026-06-28_13_01,3-6-2,0.4481104905600689,1-3-6,900.0,False,100.0,0.0
2026-06-28,13,2,2026-06-28_13_02,1-3-6,0.4158533777842374,1-3-6,1120.0,True,100.0,1120.0
2026-06-28,13,3,2026-06-28_13_03,2-1-3,0.5595365616665355,2-1-3,2180.0,True,100.0,2180.0
2026-06-28,13,4,2026-06-28_13_04,6-2-1,0.44165235066786596,1-2-6,1620.0,False,100.0,0.0
2026-06-28,13,5,2026-06-28_13_05,5-3-6,0.5595365616665356,5-3-6,75790.0,True,100.0,75790.0
2026-06-28,13,6,2026-06-28_13_06,2-1-4,0.43850271961653225,1-4-3,780.0,False,100.0,0.0
2026-06-28,13,7,2026-06-28_13_07,3-1-6,0.4481104905600689,3-1-5,1180.0,False,100.0,0.0
2026-06-28,13,8,2026-06-28_13_08,2-1-3,0.43850271961653225,2-1-5,980.0,False,100.0,0.0
2026-06-28,13,9,2026-06-28_13_09,3-1-2,0.44165235066786596,1-3-5,550.0,False,100.0,0.0
2026-06-28,13,10,2026-06-28_13_10,3-4-2,0.5595365616665356,3-4-2,28950.0,True,100.0,28950.0
2026-06-28,13,11,2026-06-28_13_11,1-2-4,0.4158533777842374,1-2-4,1580.0,True,100.0,1580.0
2026-06-28,13,12,2026-06-28_13_12,1-5-3,0.42221954211833135,1-5-3,2130.0,True,100.0,2130.0
2026-06-28,14,1,2026-06-28_14_01,1-3-6,0.44165235066786596,1-3-2,1470.0,False,100.0,0.0
2026-06-28,14,2,2026-06-28_14_02,3-4-1,0.5334302799744544,3-4-1,15070.0,True,100.0,15070.0
2026-06-28,14,3,2026-06-28_14_03,3-1-2,0.43850271961653225,1-3-4,1250.0,False,100.0,0.0
2026-06-28,14,4,2026-06-28_14_04,1-6-3,0.5595365616665355,1-2-5,1530.0,False,100.0,0.0
2026-06-28,14,5,2026-06-28_14_05,1-3-5,0.43850271961653225,1-3-6,1240.0,False,100.0,0.0
2026-06-28,14,6,2026-06-28_14_06,1-5-4,0.42221954211833135,1-5-4,4110.0,True,100.0,4110.0
2026-06-28,14,7,2026-06-28_14_07,4-1-5,0.44165235066786596,4-1-3,9180.0,False,100.0,0.0
2026-06-28,14,8,2026-06-28_14_08,1-4-3,0.43850271961653225,1-5-2,1720.0,False,100.0,0.0
2026-06-28,14,9,2026-06-28_14_09,3-5-1,0.44165235066786596,3-5-1,15820.0,True,100.0,15820.0
2026-06-28,14,10,2026-06-28_14_10,1-2-4,0.41275172295928464,1-2-4,1570.0,True,100.0,1570.0
2026-06-28,14,11,2026-06-28_14_11,2-5-1,0.44165235066786596,1-2-3,1050.0,False,100.0,0.0
2026-06-28,14,12,2026-06-28_14_12,2-1-4,0.43850271961653225,1-3-2,1790.0,False,100.0,0.0
2026-06-28,17,1,2026-06-28_17_01,2-3-1,0.43850271961653225,5-2-1,4950.0,False,100.0,0.0
2026-06-28,17,2,2026-06-28_17_02,1-2-3,0.41275172295928464,1-2-3,520.0,True,100.0,520.0
2026-06-28,17,3,2026-06-28_17_03,3-1-4,0.5595365616665355,3-1-4,2810.0,True,100.0,2810.0
2026-06-28,17,4,2026-06-28_17_04,4-2-5,0.41275172295928464,4-2-5,10020.0,True,100.0,10020.0
2026-06-28,17,5,2026-06-28_17_05,4-6-1,0.4385027196165322,1-3-4,530.0,False,100.0,0.0
2026-06-28,17,6,2026-06-28_17_06,1-2-5,0.4481104905600689,1-2-4,660.0,False,100.0,0.0
2026-06-28,17,7,2026-06-28_17_07,1-4-6,0.5595365616665355,1-4-2,520.0,False,100.0,0.0
2026-06-28,17,8,2026-06-28_17_08,4-3-1,0.44165235066786596,4-3-1,14740.0,True,100.0,14740.0
2026-06-28,17,9,2026-06-28_17_09,1-3-4,0.4158533777842374,1-3-4,1790.0,True,100.0,1790.0
2026-06-28,17,10,2026-06-28_17_10,1-3-5,0.43850271961653225,1-3-5,1300.0,True,100.0,1300.0
2026-06-28,17,11,2026-06-28_17_11,2-1-3,0.43850271961653225,1-2-5,1580.0,False,100.0,0.0
2026-06-28,17,12,2026-06-28_17_12,1-4-3,0.5595365616665355,1-5-4,890.0,False,100.0,0.0
2026-06-28,18,1,2026-06-28_18_01,1-3-4,0.44165235066786596,1-2-4,600.0,False,100.0,0.0
2026-06-28,18,2,2026-06-28_18_02,1-4-5,0.4481104905600689,1-4-5,1810.0,True,100.0,1810.0
2026-06-28,18,3,2026-06-28_18_03,1-2-3,0.5334302799744544,1-2-3,3010.0,True,100.0,3010.0
2026-06-28,18,4,2026-06-28_18_04,2-1-3,0.44165235066786596,1-5-2,1190.0,False,100.0,0.0
2026-06-28,18,5,2026-06-28_18_05,3-2-4,0.43850271961653225,3-2-4,3390.0,True,100.0,3390.0
2026-06-28,18,6,2026-06-28_18_06,1-2-5,0.41275172295928464,1-2-5,1230.0,True,100.0,1230.0
2026-06-28,18,7,2026-06-28_18_07,1-4-3,0.5334302799744544,1-4-3,5260.0,True,100.0,5260.0
2026-06-28,18,8,2026-06-28_18_08,1-3-5,0.41275172295928464,1-3-5,1350.0,True,100.0,1350.0
2026-06-28,18,9,2026-06-28_18_09,1-3-6,0.44165235066786596,1-3-4,600.0,False,100.0,0.0
2026-06-28,18,10,2026-06-28_18_10,4-3-1,0.5334302799744544,4-3-1,35260.0,True,100.0,35260.0
2026-06-28,18,11,2026-06-28_18_11,1-6-5,0.5334302799744544,1-6-5,5840.0,True,100.0,5840.0
2026-06-28,18,12,2026-06-28_18_12,2-1-4,0.4385027196165322,1-2-3,370.0,False,100.0,0.0
2026-06-28,20,1,2026-06-28_20_01,1-2-6,0.5595365616665355,1-2-6,7980.0,True,100.0,7980.0
2026-06-28,20,2,2026-06-28_20_02,2-5-3,0.5334302799744544,2-5-3,4750.0,True,100.0,4750.0
2026-06-28,20,3,2026-06-28_20_03,2-5-4,0.5595365616665355,5-3-2,8600.0,False,100.0,0.0
2026-06-28,20,4,2026-06-28_20_04,3-1-2,0.4158533777842374,3-1-2,9220.0,True,100.0,9220.0
2026-06-28,20,5,2026-06-28_20_05,1-2-5,0.5595365616665355,4-2-1,3230.0,False,100.0,0.0
2026-06-28,20,6,2026-06-28_20_06,3-6-1,0.5595365616665355,3-1-4,1060.0,False,100.0,0.0
2026-06-28,20,7,2026-06-28_20_07,6-1-3,0.41275172295928464,6-1-3,8450.0,True,100.0,8450.0
2026-06-28,20,8,2026-06-28_20_08,2-6-1,0.4481104905600689,2-1-5,2460.0,False,100.0,0.0
2026-06-28,20,9,2026-06-28_20_09,6-4-1,0.5334302799744544,6-4-1,46210.0,True,100.0,46210.0
2026-06-28,20,10,2026-06-28_20_10,1-3-6,0.44165235066786596,1-3-2,660.0,False,100.0,0.0
2026-06-28,20,11,2026-06-28_20_11,6-3-1,0.4385027196165322,3-4-1,2110.0,False,100.0,0.0
2026-06-28,20,12,2026-06-28_20_12,3-2-1,0.4222195421183313,3-2-1,23020.0,True,100.0,23020.0
2026-06-28,21,1,2026-06-28_21_01,1-2-3,0.42221954211833135,1-2-3,800.0,True,100.0,800.0
2026-06-28,21,2,2026-06-28_21_02,1-6-4,0.43850271961653225,4-1-3,1900.0,False,100.0,0.0
2026-06-28,21,3,2026-06-28_21_03,1-4-3,0.5334302799744544,1-4-3,3170.0,True,100.0,3170.0
2026-06-28,21,4,2026-06-28_21_04,1-3-5,0.5334302799744544,1-3-5,3790.0,True,100.0,3790.0
2026-06-28,21,5,2026-06-28_21_05,1-5-4,0.5595365616665355,1-5-2,1130.0,False,100.0,0.0
2026-06-28,21,6,2026-06-28_21_06,1-3-5,0.4481104905600689,1-3-2,900.0,False,100.0,0.0
2026-06-28,21,7,2026-06-28_21_07,4-1-2,0.43850271961653225,1-2-5,860.0,False,100.0,0.0
2026-06-28,21,8,2026-06-28_21_08,3-4-5,0.41275172295928464,3-4-5,5350.0,True,100.0,5350.0
2026-06-28,21,9,2026-06-28_21_09,1-6-4,0.4481104905600689,1-2-3,860.0,False,100.0,0.0
2026-06-28,21,10,2026-06-28_21_10,1-2-6,0.5595365616665355,2-1-3,1600.0,False,100.0,0.0
2026-06-28,21,11,2026-06-28_21_11,1-5-6,0.43850271961653225,1-5-2,1000.0,False,100.0,0.0
2026-06-28,21,12,2026-06-28_21_12,1-5-4,0.5595365616665355,1-2-4,850.0,False,100.0,0.0
2026-06-28,24,1,2026-06-28_24_01,1-3-2,0.5334302799744544,1-3-2,990.0,True,100.0,990.0
2026-06-28,24,2,2026-06-28_24_02,2-4-1,0.42221954211833135,2-4-1,6460.0,True,100.0,6460.0
2026-06-28,24,3,2026-06-28_24_03,3-1-2,0.5334302799744544,3-1-2,1140.0,True,100.0,1140.0
2026-06-28,24,4,2026-06-28_24_04,1-3-4,0.41275172295928464,1-3-4,2800.0,True,100.0,2800.0
2026-06-28,24,5,2026-06-28_24_05,1-2-3,0.41275172295928464,1-2-3,1460.0,True,100.0,1460.0
2026-06-28,24,6,2026-06-28_24_06,1-2-3,0.44811049056006896,1-2-3,1230.0,True,100.0,1230.0
2026-06-28,24,7,2026-06-28_24_07,1-4-6,0.5595365616665355,1-4-2,460.0,False,100.0,0.0
2026-06-28,24,8,2026-06-28_24_08,6-1-3,0.4385027196165322,1-3-6,500.0,False,100.0,0.0
2026-06-28,24,9,2026-06-28_24_09,1-4-2,0.44165235066786596,1-2-3,1450.0,False,100.0,0.0
2026-06-28,24,10,2026-06-28_24_10,3-1-2,0.43850271961653225,1-2-3,390.0,False,100.0,0.0
2026-06-28,24,11,2026-06-28_24_11,4-2-3,0.42221954211833135,4-2-3,27470.0,True,100.0,27470.0
2026-06-28,24,12,2026-06-28_24_12,1-2-4,0.43850271961653225,1-3-4,1260.0,False,100.0,0.0
