race_id,lane,predicted_rank,win_probability_like,finish_position,racer_id
2025-01-31_01_01,1,1.0,0.3549757854594477,1,4407
2025-01-31_01_01,2,2.0,0.1950276809577949,4,5186
2025-01-31_01_01,5,3.0,0.13419013120164006,5,4663
2025-01-31_01_01,3,4.0,0.1325267490364351,3,3710
2025-01-31_01_01,4,5.0,0.10947913646306681,2,3161
2025-01-31_01_01,6,6.0,0.07380051688161533,6,5286
2025-01-31_01_02,4,1.0,0.2876213352492788,1,4319
2025-01-31_01_02,1,2.0,0.22271527838084879,5,3928
2025-01-31_01_02,6,3.0,0.16288769810242437,2,4420
2025-01-31_01_02,2,4.0,0.1543001917016207,3,4273
2025-01-31_01_02,3,5.0,0.12624440168253598,4,4220
2025-01-31_01_02,5,6.0,0.046231094883291544,6,5266
2025-01-31_01_03,1,1.0,0.28177841950687554,3,3546
2025-01-31_01_03,4,2.0,0.21147480064171892,2,4630
2025-01-31_01_03,3,3.0,0.20840592918551243,1,4976
2025-01-31_01_03,2,4.0,0.13959370968819299,4,4550
2025-01-31_01_03,5,5.0,0.10981010472475398,6,3826
2025-01-31_01_03,6,6.0,0.048937036252946306,5,4898
2025-01-31_01_04,4,1.0,0.23923159306271957,4,3838
2025-01-31_01_04,1,2.0,0.2045646033895641,2,4111
2025-01-31_01_04,3,3.0,0.1974968819780616,6,4880
2025-01-31_01_04,6,4.0,0.13947548664330212,5,4451
2025-01-31_01_04,2,5.0,0.12040231456711002,1,4200
2025-01-31_01_04,5,6.0,0.09882912035924264,3,5082
2025-01-31_01_05,2,1.0,0.30186439147495037,1,4276
2025-01-31_01_05,6,2.0,0.2746081912881884,2,4444
2025-01-31_01_05,1,3.0,0.233495808068662,4,3977
2025-01-31_01_05,3,4.0,0.07787120536460751,6,5286
2025-01-31_01_05,4,5.0,0.06736333207911942,3,5063
2025-01-31_01_05,5,6.0,0.044797071724472455,5,4303
2025-01-31_01_06,1,1.0,0.68338433166867,1,4083
2025-01-31_01_06,3,2.0,0.140922229354451,2,3859
2025-01-31_01_06,2,3.0,0.07844167169872875,4,5100
2025-01-31_01_06,5,4.0,0.061741422223045135,5,4407
2025-01-31_01_06,6,5.0,0.03551034505510525,3,5349
2025-01-31_01_07,1,1.0,0.3755871798462642,1,3161
2025-01-31_01_07,3,2.0,0.29550461218898605,2,4539
2025-01-31_01_07,5,3.0,0.11310408993811641,4,3546
2025-01-31_01_07,4,4.0,0.08938113448531605,3,3507
2025-01-31_01_07,2,5.0,0.08812471510578299,5,3797
2025-01-31_01_07,6,6.0,0.03829826843553451,6,5266
2025-01-31_01_08,5,1.0,0.4849059250252176,1,4362
2025-01-31_01_08,1,2.0,0.272880685870078,5,3838
2025-01-31_01_08,2,3.0,0.07956308213772585,4,4665
2025-01-31_01_08,6,4.0,0.06525783585728069,2,5186
2025-01-31_01_08,4,5.0,0.056563159922646496,3,3928
2025-01-31_01_08,3,6.0,0.04082931118705144,6,4429
2025-01-31_01_09,1,1.0,0.2548501455812628,2,3710
2025-01-31_01_09,3,2.0,0.20205865563287564,1,4630
2025-01-31_01_09,2,3.0,0.17522710440256795,5,4420
2025-01-31_01_09,5,4.0,0.15432624053906702,3,5018
2025-01-31_01_09,4,5.0,0.13207268151909415,4,4303
2025-01-31_01_09,6,6.0,0.08146517232513248,6,4880
2025-01-31_01_10,1,1.0,0.3423293441208328,4,3826
2025-01-31_01_10,4,2.0,0.21580524283950456,3,4451
2025-01-31_01_10,2,3.0,0.15950007139548716,5,4191
2025-01-31_01_10,3,4.0,0.1335643069914006,1,4663
2025-01-31_01_10,5,5.0,0.07543801944440773,2,4273
2025-01-31_01_10,6,6.0,0.07336301520836713,6,5063
2025-01-31_01_11,1,1.0,0.4466128485483685,1,4090
2025-01-31_01_11,2,2.0,0.14759635408743876,4,3853
2025-01-31_01_11,4,3.0,0.1390627385093468,5,4976
2025-01-31_01_11,6,4.0,0.11262640598044761,3,4276
2025-01-31_01_11,5,5.0,0.08572100413409783,2,4319
2025-01-31_01_11,3,6.0,0.0683806487403005,6,4111
2025-01-31_01_12,1,1.0,0.42312269173899564,1,4362
2025-01-31_01_12,2,2.0,0.21860321136066052,2,4444
2025-01-31_01_12,4,3.0,0.136480814300061,3,5051
2025-01-31_01_12,3,4.0,0.1036599062496269,5,4544
2025-01-31_01_12,5,5.0,0.06763078832725479,4,4083
2025-01-31_01_12,6,6.0,0.05050258802340113,6,4539
2025-01-31_02_01,1,1.0,0.32216549038849474,5,3860
2025-01-31_02_01,2,2.0,0.18604886731221865,1,4176
2025-01-31_02_01,3,3.0,0.16838029545748087,3,4813
2025-01-31_02_01,5,4.0,0.13373762830451388,2,3963
2025-01-31_02_01,6,5.0,0.10935563069730227,4,3655
2025-01-31_02_01,4,6.0,0.08031208783998944,6,5329
2025-01-31_02_02,1,1.0,0.3680025383562399,3,5287
2025-01-31_02_02,5,2.0,0.2674862848129086,1,4746
2025-01-31_02_02,3,3.0,0.20228897858531703,2,5182
2025-01-31_02_02,6,4.0,0.09605849515904771,4,4941
2025-01-31_02_02,4,5.0,0.06616370308648667,5,5265
2025-01-31_02_03,4,1.0,0.24892159645957743,6,4437
2025-01-31_02_03,1,2.0,0.1910583937265149,2,5245
2025-01-31_02_03,3,3.0,0.1669995062665044,4,3973
2025-01-31_02_03,5,4.0,0.14629697548284953,1,3564
2025-01-31_02_03,6,5.0,0.1450718783399,5,4195
2025-01-31_02_03,2,6.0,0.10165164972465379,3,5259
2025-01-31_02_04,1,1.0,0.3230070784810818,1,5194
2025-01-31_02_04,2,2.0,0.3226398511709574,2,4569
2025-01-31_02_04,5,3.0,0.14743378825618247,3,4419
2025-01-31_02_04,3,4.0,0.0945314857717901,4,4987
2025-01-31_02_04,4,5.0,0.056718959559088095,6,5327
2025-01-31_02_04,6,6.0,0.05566883676090035,5,3551
2025-01-31_02_05,1,1.0,0.34148736541055646,1,4180
2025-01-31_02_05,2,2.0,0.3164458823732319,3,4460
2025-01-31_02_05,3,3.0,0.11770477827979246,5,4176
2025-01-31_02_05,4,4.0,0.09936303840471367,4,3860
2025-01-31_02_05,5,5.0,0.08898234237029005,2,4675
2025-01-31_02_05,6,6.0,0.036016593161415644,6,5329
2025-01-31_02_06,1,1.0,0.3870213321875182,4,3994
2025-01-31_02_06,4,2.0,0.22769894184211292,2,4473
2025-01-31_02_06,2,3.0,0.19898715629463945,3,3845
2025-01-31_02_06,5,4.0,0.076582328987867,1,5287
2025-01-31_02_06,6,5.0,0.072053997151797,6,3778
2025-01-31_02_06,3,6.0,0.037656243536065406,5,4990
2025-01-31_02_07,1,1.0,0.41334595487669656,6,3963
2025-01-31_02_07,2,2.0,0.2487640593155628,1,3655
2025-01-31_02_07,6,3.0,0.11857436634976665,5,4772
2025-01-31_02_07,4,4.0,0.08637142334174885,2,3973
2025-01-31_02_07,3,5.0,0.08239577708095362,3,5259
2025-01-31_02_07,5,6.0,0.05054841903527144,4,5245
2025-01-31_02_08,1,1.0,0.504948488697176,1,4240
2025-01-31_02_08,3,2.0,0.13459051817127668,2,4941
2025-01-31_02_08,5,3.0,0.12304423602501903,5,5194
2025-01-31_02_08,4,4.0,0.10706297203633176,3,4987
2025-01-31_02_08,2,5.0,0.10162051329285467,4,5265
2025-01-31_02_08,6,6.0,0.02873327177734182,6,5327
2025-01-31_02_09,1,1.0,0.37016393827401595,1,3564
2025-01-31_02_09,3,2.0,0.21366275195020817,5,4437
2025-01-31_02_09,2,3.0,0.20642639268658228,4,4675
2025-01-31_02_09,5,4.0,0.10471533016921612,2,4460
2025-01-31_02_09,4,5.0,0.05670873806617082,6,4813
2025-01-31_02_09,6,6.0,0.048322848853806756,3,4180
2025-01-31_02_10,3,1.0,0.32524749287319765,1,4473
2025-01-31_02_10,1,2.0,0.1950652729679672,5,4746
2025-01-31_02_10,5,3.0,0.15847068955506108,3,4569
2025-01-31_02_10,6,4.0,0.10856866419207267,2,3845
2025-01-31_02_10,2,5.0,0.1069886524761685,4,4419
2025-01-31_02_10,4,6.0,0.10565922793553284,6,5182
2025-01-31_02_11,1,1.0,0.3337056345546856,6,3532
2025-01-31_02_11,2,2.0,0.1958715605125762,4,4102
2025-01-31_02_11,3,3.0,0.13755803361317148,1,5016
2025-01-31_02_11,4,4.0,0.13446724191532214,2,4231
2025-01-31_02_11,5,5.0,0.1030513315812149,5,4258
2025-01-31_02_11,6,6.0,0.09534619782302965,3,3543
2025-01-31_02_12,1,1.0,0.4361377853268259,1,4050
2025-01-31_02_12,2,2.0,0.21644948186526158,6,3435
2025-01-31_02_12,3,3.0,0.1742005434379608,2,4963
2025-01-31_02_12,4,4.0,0.08241875509056673,3,5045
2025-01-31_02_12,5,5.0,0.06363647139245021,5,3175
2025-01-31_02_12,6,6.0,0.027156962886934772,4,4900
2025-01-31_04_01,2,1.0,0.3542885657649182,1,5110
2025-01-31_04_01,3,2.0,0.1858388141671765,5,4705
2025-01-31_04_01,6,3.0,0.16256974126261262,4,4430
2025-01-31_04_01,4,4.0,0.14779319783305464,3,4167
2025-01-31_04_01,1,5.0,0.08882350955785513,2,3207
2025-01-31_04_01,5,6.0,0.060686171414382845,6,5320
2025-01-31_04_02,1,1.0,0.449801189101345,1,3482
2025-01-31_04_02,6,2.0,0.14088533822770916,6,3800
2025-01-31_04_02,3,3.0,0.1383600697052758,3,4644
2025-01-31_04_02,4,4.0,0.12735826733613825,2,4726
2025-01-31_04_02,5,5.0,0.0719845088764873,4,5130
2025-01-31_04_02,2,6.0,0.07161062675304446,5,4400
2025-01-31_04_03,1,1.0,0.4593811314505669,3,4431
2025-01-31_04_03,3,2.0,0.21438926374863643,4,4375
2025-01-31_04_03,5,3.0,0.18143555193907981,2,4401
2025-01-31_04_03,2,4.0,0.11294893042702937,1,4691
2025-01-31_04_03,6,5.0,0.031845122434687505,5,5390
2025-01-31_04_04,3,1.0,0.26099918000047423,3,4614
2025-01-31_04_04,4,2.0,0.2533982530150722,2,4434
2025-01-31_04_04,1,3.0,0.173260009849385,1,4247
2025-01-31_04_04,6,4.0,0.14308579123296825,4,3499
2025-01-31_04_04,2,5.0,0.08689730290294734,6,4692
2025-01-31_04_04,5,6.0,0.08235946299915296,5,3653
2025-01-31_04_05,1,1.0,0.4733839352799573,1,4441
2025-01-31_04_05,2,2.0,0.16051629119253955,5,4056
2025-01-31_04_05,5,3.0,0.12666128172287477,4,4731
2025-01-31_04_05,4,4.0,0.10530210256222067,2,3911
2025-01-31_04_05,3,5.0,0.09713262186877283,3,4110
2025-01-31_04_05,6,6.0,0.03700376737363501,6,5294
2025-01-31_04_06,1,1.0,0.3593491675812929,3,4167
2025-01-31_04_06,6,2.0,0.23908030473581499,4,3612
2025-01-31_04_06,3,3.0,0.14376866573932798,5,3915
2025-01-31_04_06,4,4.0,0.12009005931248797,1,4809
2025-01-31_04_06,5,5.0,0.11758796951386251,2,3679
2025-01-31_04_06,2,6.0,0.0201238331172136,6,5283
2025-01-31_04_07,1,1.0,0.3469965329378528,2,4129
2025-01-31_04_07,3,2.0,0.24722977328264836,5,4109
2025-01-31_04_07,2,3.0,0.2035146692355266,1,3888
2025-01-31_04_07,4,4.0,0.1160246348554808,3,4155
2025-01-31_04_07,6,5.0,0.06547641116741307,4,4726
2025-01-31_04_07,5,6.0,0.02075797852107833,6,5390
2025-01-31_04_08,1,1.0,0.5070941367072006,1,5049
2025-01-31_04_08,2,2.0,0.2013101066238331,4,4247
2025-01-31_04_08,4,3.0,0.12531146418266062,2,4737
2025-01-31_04_08,3,4.0,0.07591491040851768,6,5331
2025-01-31_04_08,5,5.0,0.059757575013991336,3,3482
2025-01-31_04_08,6,6.0,0.030611807063796587,5,5251
2025-01-31_04_09,1,1.0,0.4727087845773767,1,4434
2025-01-31_04_09,2,2.0,0.2661141673245243,2,4430
2025-01-31_04_09,5,3.0,0.10905809783172955,5,4375
2025-01-31_04_09,3,4.0,0.05990120493006995,6,3647
2025-01-31_04_09,4,5.0,0.05026678410451154,4,4731
2025-01-31_04_09,6,6.0,0.04195096123178788,3,4400
2025-01-31_04_10,1,1.0,0.4525381931248084,1,4614
2025-01-31_04_10,2,2.0,0.21930318347161154,2,3679
2025-01-31_04_10,5,3.0,0.0957892594956183,4,4644
2025-01-31_04_10,4,4.0,0.08793258188086814,3,4691
2025-01-31_04_10,3,5.0,0.08366930878331626,6,4056
2025-01-31_04_10,6,6.0,0.060767473243777445,5,3696
2025-01-31_04_11,1,1.0,0.4362206694076754,1,4401
2025-01-31_04_11,2,2.0,0.2009668569052598,2,3612
2025-01-31_04_11,3,3.0,0.1494485148384249,4,4580
2025-01-31_04_11,4,4.0,0.14034307310160626,3,3888
2025-01-31_04_11,5,5.0,0.03708070251242587,6,5294
2025-01-31_04_11,6,6.0,0.035940183234607986,5,3653
2025-01-31_04_12,1,1.0,0.39648115939709266,1,4737
2025-01-31_04_12,2,2.0,0.2274691677436576,2,3800
2025-01-31_04_12,4,3.0,0.18033379815854478,3,4109
2025-01-31_04_12,3,4.0,0.08017065330180105,4,4692
2025-01-31_04_12,5,5.0,0.07821330711176813,5,3915
2025-01-31_04_12,6,6.0,0.03733191428713554,6,4110
2025-01-31_05_01,1,1.0,0.4587856075241344,1,4175
2025-01-31_05_01,3,2.0,0.1608729629565895,3,3930
2025-01-31_05_01,6,3.0,0.11680669710158104,6,4967
2025-01-31_05_01,5,4.0,0.09961433303068684,4,5281
2025-01-31_05_01,2,5.0,0.09586478739744904,2,5240
2025-01-31_05_01,4,6.0,0.06805561198955909,5,4299
2025-01-31_05_02,3,1.0,0.2510456543250534,1,5221
2025-01-31_05_02,4,2.0,0.1941645031111824,3,3579
2025-01-31_05_02,6,3.0,0.1871723167404509,2,4538
2025-01-31_05_02,1,4.0,0.18014902355945495,6,5285
2025-01-31_05_02,5,5.0,0.10153844767041718,4,3315
2025-01-31_05_02,2,6.0,0.08593005459344116,5,4041
2025-01-31_05_03,3,1.0,0.2645830912610344,1,4748
2025-01-31_05_03,4,2.0,0.26244484915852345,6,4119
2025-01-31_05_03,1,3.0,0.2351787069184223,5,5276
2025-01-31_05_03,2,4.0,0.1084849479197457,4,4484
2025-01-31_05_03,6,5.0,0.0776837383505987,2,3516
2025-01-31_05_03,5,6.0,0.05162466639167542,3,5334
2025-01-31_05_04,1,1.0,0.3625533599827773,1,3627
2025-01-31_05_04,2,2.0,0.20555521307683597,6,4443
2025-01-31_05_04,3,3.0,0.16491481932868873,5,5185
2025-01-31_05_04,4,4.0,0.12466952231457454,4,4711
2025-01-31_05_04,5,5.0,0.09482097603469625,2,4835
2025-01-31_05_04,6,6.0,0.04748610926242719,3,5048
2025-01-31_05_05,1,1.0,0.4065420744250888,1,3968
2025-01-31_05_05,2,2.0,0.2553334259921966,5,4488
2025-01-31_05_05,5,3.0,0.09622018030791714,3,4714
2025-01-31_05_05,4,4.0,0.0954961884886407,2,3448
2025-01-31_05_05,6,5.0,0.08502117272026549,4,5199
2025-01-31_05_05,3,6.0,0.06138695806589137,6,4435
2025-01-31_05_06,2,1.0,0.2717834256732678,1,3256
2025-01-31_05_06,4,2.0,0.2405543171242156,3,3436
2025-01-31_05_06,3,3.0,0.16121732571330366,4,4803
2025-01-31_05_06,1,4.0,0.15847146884503432,2,4041
2025-01-31_05_06,5,5.0,0.11505139498617024,5,4116
2025-01-31_05_06,6,6.0,0.05292206765800841,6,5292
2025-01-31_05_07,2,1.0,0.38849185690839927,1,4594
2025-01-31_05_07,4,2.0,0.15703340474772579,5,5095
2025-01-31_05_07,6,3.0,0.1539880253696483,4,4136
2025-01-31_05_07,1,4.0,0.12425077688252822,2,4896
2025-01-31_05_07,3,5.0,0.10931659659400253,3,3579
2025-01-31_05_07,5,6.0,0.06691933949769596,6,4484
2025-01-31_05_08,1,1.0,0.48340756860944,1,3983
2025-01-31_05_08,2,2.0,0.19117790565260695,2,4649
2025-01-31_05_08,3,3.0,0.13289780364045814,4,5213
2025-01-31_05_08,6,4.0,0.09309278689508155,3,5185
2025-01-31_05_08,5,5.0,0.05558883636693762,5,4299
2025-01-31_05_08,4,6.0,0.043835098835475705,6,5334
2025-01-31_05_09,1,1.0,0.4623299312285406,1,4748
2025-01-31_05_09,2,2.0,0.1328960426318169,2,5048
2025-01-31_05_09,6,3.0,0.11504249549603345,3,5221
2025-01-31_05_09,3,4.0,0.11117551636403132,4,3334
2025-01-31_05_09,4,5.0,0.10758343580030753,6,4714
2025-01-31_05_09,5,6.0,0.07097257847927005,5,5240
2025-01-31_05_10,1,1.0,0.408022444727218,5,4488
2025-01-31_05_10,5,2.0,0.16550925058431734,2,4175
2025-01-31_05_10,4,3.0,0.13007414339273163,1,3516
2025-01-31_05_10,2,4.0,0.118160478031546,6,3315
2025-01-31_05_10,6,5.0,0.09064847099343726,3,4116
2025-01-31_05_10,3,6.0,0.08758521227074972,4,4443
2025-01-31_05_11,1,1.0,0.45069689250372785,3,4119
2025-01-31_05_11,4,2.0,0.1655867579710988,2,4435
2025-01-31_05_11,3,3.0,0.13742207803142711,5,4594
2025-01-31_05_11,6,4.0,0.10462738197901522,4,3930
2025-01-31_05_11,5,5.0,0.08799397653233652,1,4803
2025-01-31_05_11,2,6.0,0.0536729129823945,6,3627
2025-01-31_05_12,1,1.0,0.41503254408916884,2,3256
2025-01-31_05_12,3,2.0,0.16005942640134366,3,3983
2025-01-31_05_12,2,3.0,0.15347903452627565,1,3968
2025-01-31_05_12,5,4.0,0.1208225585840694,5,5095
2025-01-31_05_12,4,5.0,0.08676812893910436,4,5276
2025-01-31_05_12,6,6.0,0.06383830746003805,6,4711
2025-01-31_06_01,1,1.0,0.33338442391726325,1,4197
2025-01-31_06_01,4,2.0,0.17264872166934656,4,3224
2025-01-31_06_01,5,3.0,0.16733100312577934,2,4039
2025-01-31_06_01,2,4.0,0.12333854993638188,3,3807
2025-01-31_06_01,3,5.0,0.11862290242340755,5,5258
2025-01-31_06_01,6,6.0,0.08467439892782146,6,3202
2025-01-31_06_02,1,1.0,0.3745287573172736,1,3802
2025-01-31_06_02,2,2.0,0.2823600121196357,2,4308
2025-01-31_06_02,3,3.0,0.11451968579475669,6,4765
2025-01-31_06_02,6,4.0,0.1047979899682357,4,3563
2025-01-31_06_02,4,5.0,0.09898872716401276,5,4382
2025-01-31_06_02,5,6.0,0.02480482763608571,3,4842
2025-01-31_06_03,1,1.0,0.445071291855013,2,5083
2025-01-31_06_03,2,2.0,0.292276650113315,3,4166
2025-01-31_06_03,4,3.0,0.1435363595319074,4,3703
2025-01-31_06_03,3,4.0,0.08190634056709754,1,4988
2025-01-31_06_03,6,5.0,0.03720935793266716,5,4234
2025-01-31_06_04,6,1.0,0.353103914607546,1,4418
2025-01-31_06_04,3,2.0,0.1666114932947298,2,3385
2025-01-31_06_04,2,3.0,0.1446584416673079,3,5020
2025-01-31_06_04,1,4.0,0.12909679193160153,5,4844
2025-01-31_06_04,5,5.0,0.12407567941098636,4,4367
2025-01-31_06_04,4,6.0,0.08245367908782839,6,5325
2025-01-31_06_05,1,1.0,0.5456269741832147,1,4264
2025-01-31_06_05,2,2.0,0.1122624178304034,2,3362
2025-01-31_06_05,3,3.0,0.11022870768767666,6,3569
2025-01-31_06_05,4,4.0,0.102632145373829,4,3519
2025-01-31_06_05,5,5.0,0.0713346895931618,5,3224
2025-01-31_06_05,6,6.0,0.057915065331714456,3,3589
2025-01-31_06_06,1,1.0,0.4807159018342636,1,5036
2025-01-31_06_06,3,2.0,0.2989692735896041,2,5121
2025-01-31_06_06,4,3.0,0.07806174639218993,3,4015
2025-01-31_06_06,5,4.0,0.06182808128468092,4,4189
2025-01-31_06_06,2,5.0,0.05204846724153695,6,5041
2025-01-31_06_06,6,6.0,0.02837652965772446,5,5340
2025-01-31_06_07,1,1.0,0.2335676577287448,1,4039
2025-01-31_06_07,2,2.0,0.23107525655936292,2,4949
2025-01-31_06_07,3,3.0,0.17273998775169994,4,4842
2025-01-31_06_07,6,4.0,0.17028114159012603,3,4036
2025-01-31_06_07,5,5.0,0.1146089304316695,5,4442
2025-01-31_06_07,4,6.0,0.07772702593839681,6,4988
2025-01-31_06_08,1,1.0,0.46133986703029045,4,4216
2025-01-31_06_08,5,2.0,0.20174512933178215,3,4166
2025-01-31_06_08,3,3.0,0.16568377090088524,5,4336
2025-01-31_06_08,2,4.0,0.08253906360887255,2,3802
2025-01-31_06_08,6,5.0,0.05497499746708566,1,5325
2025-01-31_06_08,4,6.0,0.03371717166108402,6,3807
2025-01-31_06_09,1,1.0,0.5119339219937142,1,4308
2025-01-31_06_09,4,2.0,0.18676037407317486,3,3641
2025-01-31_06_09,3,3.0,0.1301575806976019,2,5020
2025-01-31_06_09,5,4.0,0.07194056757971681,4,4197
2025-01-31_06_09,2,5.0,0.06622385185890135,6,5305
2025-01-31_06_09,6,6.0,0.032983703796890744,5,3569
2025-01-31_06_10,1,1.0,0.3811691618826113,4,4015
2025-01-31_06_10,3,2.0,0.2832596006512572,1,4418
2025-01-31_06_10,2,3.0,0.11629751774126647,2,5183
2025-01-31_06_10,4,4.0,0.09492461191142426,6,4843
2025-01-31_06_10,5,5.0,0.08545367103430822,3,3703
2025-01-31_06_10,6,6.0,0.03889543677913248,5,5258
2025-01-31_06_11,4,1.0,0.2607549315026485,1,4505
2025-01-31_06_11,1,2.0,0.2452193046541398,2,4189
2025-01-31_06_11,5,3.0,0.13520933500468402,5,5083
2025-01-31_06_11,6,4.0,0.1299877254940236,4,3385
2025-01-31_06_11,2,5.0,0.12103151996972096,6,4036
2025-01-31_06_11,3,6.0,0.1077971833747831,3,3519
2025-01-31_06_12,1,1.0,0.5128378572178562,1,5121
2025-01-31_06_12,2,2.0,0.1340366478902691,6,3563
2025-01-31_06_12,5,3.0,0.1098150022166659,2,4264
2025-01-31_06_12,6,4.0,0.09085644105702759,4,4949
2025-01-31_06_12,3,5.0,0.08059950975684246,5,4844
2025-01-31_06_12,4,6.0,0.07185454186133876,3,3761
2025-01-31_07_01,1,1.0,0.5609991211238974,1,4565
2025-01-31_07_01,4,2.0,0.15312312369192702,4,3699
2025-01-31_07_01,5,3.0,0.10263849726343874,3,3875
2025-01-31_07_01,3,4.0,0.08510493742389137,5,5271
2025-01-31_07_01,2,5.0,0.057803302734527155,2,5128
2025-01-31_07_01,6,6.0,0.0403310177623183,6,5341
2025-01-31_07_02,3,1.0,0.300693502150326,3,4064
2025-01-31_07_02,1,2.0,0.248902320590681,2,3566
2025-01-31_07_02,2,3.0,0.12604541904047428,1,4752
2025-01-31_07_02,4,4.0,0.12234685252650457,6,5187
2025-01-31_07_02,5,5.0,0.10587151623857935,5,3503
2025-01-31_07_02,6,6.0,0.09614038945343481,4,3233
2025-01-31_07_03,2,1.0,0.3815531318547445,1,4072
2025-01-31_07_03,1,2.0,0.2854281728743843,5,4440
2025-01-31_07_03,3,3.0,0.11344036641987801,2,5229
2025-01-31_07_03,5,4.0,0.09240040599213559,3,4513
2025-01-31_07_03,4,5.0,0.06697562697660349,4,4339
2025-01-31_07_03,6,6.0,0.060202295882254196,6,3790
2025-01-31_07_04,1,1.0,0.42516643761850315,1,4229
2025-01-31_07_04,3,2.0,0.2396181955609435,2,4298
2025-01-31_07_04,4,3.0,0.1197818462366955,3,5133
2025-01-31_07_04,6,4.0,0.08762142630999464,5,4294
2025-01-31_07_04,2,5.0,0.07343388610908383,4,5219
2025-01-31_07_04,5,6.0,0.054378208164779306,6,5282
2025-01-31_07_05,1,1.0,0.37358882432184776,1,4163
2025-01-31_07_05,3,2.0,0.31308866455188034,2,4584
2025-01-31_07_05,5,3.0,0.10630272728691666,4,3502
2025-01-31_07_05,2,4.0,0.0927619546297481,3,5271
2025-01-31_07_05,4,5.0,0.06217119471581883,5,3419
2025-01-31_07_05,6,6.0,0.05208663449378834,6,4270
2025-01-31_07_06,1,1.0,0.4179253149131563,2,4274
2025-01-31_07_06,2,2.0,0.19024038613910352,1,5091
2025-01-31_07_06,6,3.0,0.15380438527243762,4,3952
2025-01-31_07_06,3,4.0,0.130871283880707,5,5303
2025-01-31_07_06,4,5.0,0.10715862979459546,3,3933
2025-01-31_07_07,1,1.0,0.45870886312176884,1,4237
2025-01-31_07_07,4,2.0,0.1670930627082162,6,4816
2025-01-31_07_07,6,3.0,0.11744556789151696,3,5229
2025-01-31_07_07,5,4.0,0.08982562792399501,2,5128
2025-01-31_07_07,2,5.0,0.08912772739871097,4,3233
2025-01-31_07_07,3,6.0,0.07779915095579196,5,4355
2025-01-31_07_08,1,1.0,0.4363096388537996,2,4513
2025-01-31_07_08,3,2.0,0.23547176411964535,1,3590
2025-01-31_07_08,4,3.0,0.10689301332857852,5,4565
2025-01-31_07_08,6,4.0,0.09191553606992482,6,3769
2025-01-31_07_08,2,5.0,0.07786569477205955,4,5282
2025-01-31_07_08,5,6.0,0.051544352855992105,3,3614
2025-01-31_07_09,1,1.0,0.47499781410840924,1,4298
2025-01-31_07_09,4,2.0,0.22357794695206912,5,3740
2025-01-31_07_09,5,3.0,0.11943714212051118,3,4163
2025-01-31_07_09,3,4.0,0.10344506315510721,4,3875
2025-01-31_07_09,6,5.0,0.07854203366390326,6,5187
2025-01-31_07_10,1,1.0,0.6479732209392111,1,4677
2025-01-31_07_10,4,2.0,0.10623655698993843,4,4369
2025-01-31_07_10,2,3.0,0.09361356859162824,3,4270
2025-01-31_07_10,3,4.0,0.0691703608615049,2,3566
2025-01-31_07_10,6,5.0,0.04742614839884802,5,5091
2025-01-31_07_10,5,6.0,0.0355801442188693,6,4229
2025-01-31_07_11,1,1.0,0.28563567856880007,3,4064
2025-01-31_07_11,3,2.0,0.20265616724595475,4,3502
2025-01-31_07_11,4,3.0,0.19004188508004916,5,5303
2025-01-31_07_11,5,4.0,0.18569438109305345,6,4816
2025-01-31_07_11,6,5.0,0.0703700196394071,2,5133
2025-01-31_07_11,2,6.0,0.06560186837273552,1,4339
2025-01-31_07_12,1,1.0,0.49185440178381046,1,3590
2025-01-31_07_12,3,2.0,0.16720615160916236,2,3952
2025-01-31_07_12,4,3.0,0.11201871124430005,4,4237
2025-01-31_07_12,2,4.0,0.09080245968305452,6,4294
2025-01-31_07_12,5,5.0,0.07659563546898507,5,4072
2025-01-31_07_12,6,6.0,0.06152264021068766,3,4584
2025-01-31_08_01,1,1.0,0.6598581154916296,1,4215
2025-01-31_08_01,2,2.0,0.1177807004709174,2,4404
2025-01-31_08_01,6,3.0,0.09316763687735197,4,3852
2025-01-31_08_01,4,4.0,0.049524892112556736,3,4638
2025-01-31_08_01,5,5.0,0.04656894169919053,5,5277
2025-01-31_08_01,3,6.0,0.0330997133483538,6,5211
2025-01-31_08_02,1,1.0,0.4201876716596486,1,3773
2025-01-31_08_02,3,2.0,0.331859816646864,2,4877
2025-01-31_08_02,6,3.0,0.10881914705496495,3,4384
2025-01-31_08_02,4,4.0,0.06113762268409828,4,5184
2025-01-31_08_02,2,5.0,0.04672381284889262,5,3748
2025-01-31_08_02,5,6.0,0.03127192910553153,6,3895
2025-01-31_08_03,1,1.0,0.46802262715377163,1,4062
2025-01-31_08_03,4,2.0,0.144805830041734,2,3621
2025-01-31_08_03,6,3.0,0.1297206685209487,5,4361
2025-01-31_08_03,3,4.0,0.10875606933577439,3,3581
2025-01-31_08_03,2,5.0,0.10130507118532546,6,5090
2025-01-31_08_03,5,6.0,0.04738973376244593,4,5177
2025-01-31_08_04,1,1.0,0.47072533468472244,1,4040
2025-01-31_08_04,5,2.0,0.15986725311386618,4,3686
2025-01-31_08_04,4,3.0,0.14839190572282174,2,4281
2025-01-31_08_04,6,4.0,0.10481145622970972,5,4287
2025-01-31_08_04,2,5.0,0.06952740713874814,6,5113
2025-01-31_08_04,3,6.0,0.04667664311013169,3,5207
2025-01-31_08_05,1,1.0,0.5172383383148905,1,4532
2025-01-31_08_05,2,2.0,0.12792005065600623,5,3868
2025-01-31_08_05,4,3.0,0.12651643763968326,4,4865
2025-01-31_08_05,5,4.0,0.12515995126944102,3,3842
2025-01-31_08_05,3,5.0,0.060978989555270355,6,5277
2025-01-31_08_05,6,6.0,0.042186232564708666,2,4626
2025-01-31_08_06,3,1.0,0.29197133169424716,1,4293
2025-01-31_08_06,6,2.0,0.22586864899641892,2,4357
2025-01-31_08_06,1,3.0,0.2100941649471129,5,4969
2025-01-31_08_06,4,4.0,0.11978855123274619,4,4251
2025-01-31_08_06,5,5.0,0.07971544377309776,3,5211
2025-01-31_08_06,2,6.0,0.07256185935637713,6,5184
2025-01-31_08_07,1,1.0,0.34303190745834394,1,3992
2025-01-31_08_07,3,2.0,0.30462598904064075,2,4288
2025-01-31_08_07,2,3.0,0.12066215354373232,4,3895
2025-01-31_08_07,6,4.0,0.08720844414359795,3,3690
2025-01-31_08_07,4,5.0,0.07823964741887893,6,4404
2025-01-31_08_07,5,6.0,0.06623185839480628,5,3463
2025-01-31_08_08,3,1.0,0.3584836129845117,3,5141
2025-01-31_08_08,1,2.0,0.27717353790218024,1,3581
2025-01-31_08_08,4,3.0,0.17005370184221444,2,4040
2025-01-31_08_08,5,4.0,0.0863010067166526,6,3518
2025-01-31_08_08,6,5.0,0.05718461971443451,4,4638
2025-01-31_08_08,2,6.0,0.05080352084000644,5,4145
2025-01-31_08_09,1,1.0,0.5450355434133004,2,3686
2025-01-31_08_09,4,2.0,0.23242192063394754,1,4215
2025-01-31_08_09,6,3.0,0.0754532727184964,6,5092
2025-01-31_08_09,2,4.0,0.06291586378427162,5,3392
2025-01-31_08_09,5,5.0,0.055474288980333325,3,3748
2025-01-31_08_09,3,6.0,0.02869911046965062,4,4626
2025-01-31_08_10,1,1.0,0.411680720911227,5,3842
2025-01-31_08_10,6,2.0,0.19831218917057647,1,4877
2025-01-31_08_10,3,3.0,0.14372177208511644,3,4062
2025-01-31_08_10,2,4.0,0.10921975856632828,6,4251
2025-01-31_08_10,4,5.0,0.10650975349574471,2,4098
2025-01-31_08_10,5,6.0,0.03055580577100708,4,5207
2025-01-31_08_11,4,1.0,0.3483854652614165,1,4384
2025-01-31_08_11,1,2.0,0.1973520217502407,3,3621
2025-01-31_08_11,5,3.0,0.1800205339754884,4,3992
2025-01-31_08_11,2,4.0,0.11036023908277025,5,4281
2025-01-31_08_11,6,5.0,0.09788763030937934,2,4293
2025-01-31_08_11,3,6.0,0.06599410962070495,6,3868
2025-01-31_08_12,1,1.0,0.4180719016662241,1,4288
2025-01-31_08_12,2,2.0,0.14214589761374855,2,4287
2025-01-31_08_12,4,3.0,0.125830944411898,4,4361
2025-01-31_08_12,5,4.0,0.12443253241557184,3,4532
2025-01-31_08_12,6,5.0,0.10276206398850814,5,5141
2025-01-31_08_12,3,6.0,0.0867566599040494,6,4357
2025-01-31_09_01,1,1.0,0.3778519392340263,4,4739
2025-01-31_09_01,4,2.0,0.20950038104910715,1,3602
2025-01-31_09_01,5,3.0,0.1945704002871187,2,4951
2025-01-31_09_01,6,4.0,0.11802272735928367,3,3726
2025-01-31_09_01,2,5.0,0.056607538778650296,5,3544
2025-01-31_09_01,3,6.0,0.04344701329181386,6,3471
2025-01-31_09_02,1,1.0,0.4516722753353718,1,4181
2025-01-31_09_02,2,2.0,0.17354519458697684,3,3687
2025-01-31_09_02,3,3.0,0.1639745761770829,5,4811
2025-01-31_09_02,4,4.0,0.10049993433643803,2,4672
2025-01-31_09_02,5,5.0,0.07830148369546262,4,3869
2025-01-31_09_02,6,6.0,0.0320065358686678,6,5385
2025-01-31_09_03,1,1.0,0.4602296851251853,1,3939
2025-01-31_09_03,2,2.0,0.18775926064328002,2,3635
2025-01-31_09_03,5,3.0,0.1283101091327978,3,4000
2025-01-31_09_03,4,4.0,0.11172080462609159,4,3870
2025-01-31_09_03,3,5.0,0.07816584849516012,5,4358
2025-01-31_09_03,6,6.0,0.03381429197748529,6,5368
2025-01-31_09_04,1,1.0,0.3200062417568962,3,4138
2025-01-31_09_04,5,2.0,0.19124631356789773,2,4351
2025-01-31_09_04,4,3.0,0.16586108630208155,1,4552
2025-01-31_09_04,2,4.0,0.13790019410700693,6,4574
2025-01-31_09_04,3,5.0,0.13504075660673587,5,4793
2025-01-31_09_04,6,6.0,0.04994540765938159,4,3605
2025-01-31_09_05,1,1.0,0.5861112930328461,1,4732
2025-01-31_09_05,2,2.0,0.1374549073963482,2,3471
2025-01-31_09_05,3,3.0,0.12160113207590027,3,4201
2025-01-31_09_05,4,4.0,0.07574431324937218,5,5109
2025-01-31_09_05,5,5.0,0.05355640605800923,4,4875
2025-01-31_09_05,6,6.0,0.025531948187524075,6,5366
2025-01-31_09_06,1,1.0,0.30083667297660394,1,3602
2025-01-31_09_06,2,2.0,0.2496769656863945,4,4796
2025-01-31_09_06,3,3.0,0.21003122382475284,2,3541
2025-01-31_09_06,6,4.0,0.09312449157772063,5,3662
2025-01-31_09_06,5,5.0,0.0746906426276954,6,4077
2025-01-31_09_06,4,6.0,0.07164000330683269,3,4811
2025-01-31_09_07,1,1.0,0.5375629587129862,1,4000
2025-01-31_09_07,4,2.0,0.13916758698232065,6,4438
2025-01-31_09_07,2,3.0,0.12415449136406595,2,4139
2025-01-31_09_07,3,4.0,0.10869607236047119,3,3687
2025-01-31_09_07,5,5.0,0.060392150311892163,5,3726
2025-01-31_09_07,6,6.0,0.03002674026826389,4,4358
2025-01-31_09_08,1,1.0,0.42252262529463336,2,4793
2025-01-31_09_08,2,2.0,0.2180031585449968,1,4739
2025-01-31_09_08,3,3.0,0.11216626217852525,3,4574
2025-01-31_09_08,5,4.0,0.1043115501003716,5,3319
2025-01-31_09_08,4,5.0,0.08923466445712805,4,4181
2025-01-31_09_08,6,6.0,0.05376173942434494,6,3870
2025-01-31_09_09,1,1.0,0.527439047204552,1,4351
2025-01-31_09_09,2,2.0,0.14517201256425544,2,4951
2025-01-31_09_09,4,3.0,0.11468833415669145,4,3635
2025-01-31_09_09,5,4.0,0.09802859312571235,6,4138
2025-01-31_09_09,3,5.0,0.06828839055354727,5,3869
2025-01-31_09_09,6,6.0,0.04638362239524156,3,3544
2025-01-31_09_10,1,1.0,0.29669609786441614,3,3605
2025-01-31_09_10,3,2.0,0.1906931977625063,2,4796
2025-01-31_09_10,4,3.0,0.16553111235229886,4,3939
2025-01-31_09_10,2,4.0,0.16099982191157,1,4552
2025-01-31_09_10,5,5.0,0.13455665583023574,5,3541
2025-01-31_09_10,6,6.0,0.05152311427897293,6,4201
2025-01-31_09_11,1,1.0,0.34103579563537934,1,3662
2025-01-31_09_11,4,2.0,0.2571053681334006,3,4732
2025-01-31_09_11,2,3.0,0.1427448553071247,4,4438
2025-01-31_09_11,5,4.0,0.10855367973527569,5,4139
2025-01-31_09_11,3,5.0,0.09912857196055845,2,4875
2025-01-31_09_11,6,6.0,0.05143172922826122,6,4077
2025-01-31_09_12,1,1.0,0.3927776876192272,1,4566
2025-01-31_09_12,4,2.0,0.19862291991477657,2,5042
2025-01-31_09_12,2,3.0,0.15317065961529805,3,4934
2025-01-31_09_12,3,4.0,0.148384962278211,4,4086
2025-01-31_09_12,5,5.0,0.0760309041294384,5,4596
2025-01-31_09_12,6,6.0,0.03101286644304878,6,4100
2025-01-31_11_01,1,1.0,0.3946506405273051,1,4146
2025-01-31_11_01,2,2.0,0.25655893563310406,2,3988
2025-01-31_11_01,4,3.0,0.13949215568082649,3,3708
2025-01-31_11_01,3,4.0,0.09078400238461971,4,5003
2025-01-31_11_01,5,5.0,0.08125754128498537,5,3904
2025-01-31_11_01,6,6.0,0.03725672448915942,6,3352
2025-01-31_11_02,3,1.0,0.2533940014145251,5,3412
2025-01-31_11_02,4,2.0,0.23787775332780164,2,4932
2025-01-31_11_02,1,3.0,0.22893838445649195,1,5127
2025-01-31_11_02,5,4.0,0.10931514015528598,4,4822
2025-01-31_11_02,2,5.0,0.0946183266216751,3,4078
2025-01-31_11_02,6,6.0,0.07585639402422009,6,5156
2025-01-31_11_03,1,1.0,0.4020480086355723,1,4520
2025-01-31_11_03,2,2.0,0.23998568167874373,2,3978
2025-01-31_11_03,3,3.0,0.14798027468605351,4,3616
2025-01-31_11_03,5,4.0,0.1377211967500018,3,4079
2025-01-31_11_03,6,5.0,0.03938751150005602,5,3454
2025-01-31_11_03,4,6.0,0.03287732674957251,6,5295
2025-01-31_11_04,3,1.0,0.29107936364534137,2,4159
2025-01-31_11_04,4,2.0,0.25801011256668555,5,5150
2025-01-31_11_04,6,3.0,0.1652045084499035,1,5084
2025-01-31_11_04,1,4.0,0.11188412575079869,6,5085
2025-01-31_11_04,2,5.0,0.10173726625706518,4,4779
2025-01-31_11_04,5,6.0,0.07208462333020574,3,3948
2025-01-31_11_05,1,1.0,0.5341884223179276,1,4184
2025-01-31_11_05,2,2.0,0.21179012318557558,2,4120
2025-01-31_11_05,3,3.0,0.09766681517414767,6,3414
2025-01-31_11_05,4,4.0,0.057698048666826623,4,5079
2025-01-31_11_05,6,5.0,0.05720834553156748,3,3352
2025-01-31_11_05,5,6.0,0.04144824512395495,5,5236
2025-01-31_11_06,1,1.0,0.4315861607851471,1,3951
2025-01-31_11_06,4,2.0,0.19116944806037067,4,4546
2025-01-31_11_06,2,3.0,0.15175264173375574,2,4146
2025-01-31_11_06,6,4.0,0.09378903813506347,3,4363
2025-01-31_11_06,5,5.0,0.06602818669811444,6,3441
2025-01-31_11_06,3,6.0,0.06567452458754862,5,4078
2025-01-31_11_07,1,1.0,0.5200505092721859,1,4485
2025-01-31_11_07,2,2.0,0.2556720546063263,3,4305
2025-01-31_11_07,3,3.0,0.08129746619711502,4,5280
2025-01-31_11_07,4,4.0,0.06022067555042262,5,4520
2025-01-31_11_07,6,5.0,0.0448435862910644,6,4058
2025-01-31_11_07,5,6.0,0.037915708082885774,2,5127
2025-01-31_11_08,1,1.0,0.356324293516151,2,4727
2025-01-31_11_08,3,2.0,0.21386351917350174,1,4851
2025-01-31_11_08,2,3.0,0.14707298922861645,3,4778
2025-01-31_11_08,4,4.0,0.13315940758008935,5,3904
2025-01-31_11_08,5,5.0,0.09137714222546045,6,5234
2025-01-31_11_08,6,6.0,0.0582026482761811,4,4615
2025-01-31_11_09,1,1.0,0.43067532922411167,1,4965
2025-01-31_11_09,4,2.0,0.17315154749322773,2,5003
2025-01-31_11_09,2,3.0,0.17118031647830073,6,5156
2025-01-31_11_09,3,4.0,0.10368229001751024,3,5079
2025-01-31_11_09,5,5.0,0.06189860513568,5,5295
2025-01-31_11_09,6,6.0,0.05941191165116964,4,5189
2025-01-31_11_10,1,1.0,0.29649629814797934,2,3616
2025-01-31_11_10,3,2.0,0.2575796420229093,3,3988
2025-01-31_11_10,5,3.0,0.21240219105402952,1,4184
2025-01-31_11_10,2,4.0,0.132001185149196,4,3441
2025-01-31_11_10,6,5.0,0.10152068362588586,5,4159
2025-01-31_11_11,1,1.0,0.5014495014502237,1,3412
2025-01-31_11_11,4,2.0,0.21090678943893407,2,4079
2025-01-31_11_11,2,3.0,0.11483076784996869,4,4363
2025-01-31_11_11,3,4.0,0.10751876495372809,3,3708
2025-01-31_11_11,6,5.0,0.036541382511678926,6,4120
2025-01-31_11_11,5,6.0,0.028752793795466452,5,4779
2025-01-31_11_12,1,1.0,0.43733518428676726,1,4851
2025-01-31_11_12,4,2.0,0.1732049221469551,3,5084
2025-01-31_11_12,3,3.0,0.1352282755998448,4,4546
2025-01-31_11_12,2,4.0,0.13473723843496985,2,4932
2025-01-31_11_12,5,5.0,0.06849530358275543,5,3978
2025-01-31_11_12,6,6.0,0.05099907594870743,6,4305
2025-01-31_12_01,1,1.0,0.4583146461791878,2,4380
2025-01-31_12_01,2,2.0,0.18874763412544218,1,4834
2025-01-31_12_01,3,3.0,0.15706869925918981,4,4863
2025-01-31_12_01,4,4.0,0.09252912578687943,5,5027
2025-01-31_12_01,6,5.0,0.08333677031894407,3,4531
2025-01-31_12_01,5,6.0,0.020003124330356534,6,5357
2025-01-31_12_02,3,1.0,0.3014891899640363,1,4496
2025-01-31_12_02,1,2.0,0.27340514511607944,5,3998
2025-01-31_12_02,5,3.0,0.18407416334283322,2,3792
2025-01-31_12_02,4,4.0,0.12299562103722823,4,4113
2025-01-31_12_02,2,5.0,0.07593415478393695,3,4917
2025-01-31_12_02,6,6.0,0.042101725755885756,6,5360
2025-01-31_12_03,1,1.0,0.31003375566688,1,4422
2025-01-31_12_03,2,2.0,0.2169872571090605,6,4523
2025-01-31_12_03,5,3.0,0.1587353074199648,5,4593
2025-01-31_12_03,6,4.0,0.1284025836148128,4,3484
2025-01-31_12_03,4,5.0,0.12228602731297519,2,4632
2025-01-31_12_03,3,6.0,0.06355506887630666,3,4252
2025-01-31_12_04,6,1.0,0.22708547258162307,2,5220
2025-01-31_12_04,5,2.0,0.21323113123259255,3,4428
2025-01-31_12_04,1,3.0,0.17704727096712594,1,5272
2025-01-31_12_04,4,4.0,0.17346587594644655,6,4895
2025-01-31_12_04,2,5.0,0.10775535444175345,5,3372
2025-01-31_12_04,3,6.0,0.10141489483045842,4,4560
2025-01-31_12_05,1,1.0,0.4374205800594997,6,3349
2025-01-31_12_05,6,2.0,0.17421293899266596,3,3822
2025-01-31_12_05,4,3.0,0.1324603319491571,2,5066
2025-01-31_12_05,2,4.0,0.12589468495158995,5,4007
2025-01-31_12_05,3,5.0,0.07032443931050854,4,3615
2025-01-31_12_05,5,6.0,0.05968702473657866,1,3793
2025-01-31_12_06,3,1.0,0.358595728031364,1,4528
2025-01-31_12_06,6,2.0,0.20681513149351127,4,3618
2025-01-31_12_06,5,3.0,0.1751107575468459,3,4474
2025-01-31_12_06,2,4.0,0.1579516642873621,2,4623
2025-01-31_12_06,1,5.0,0.10152671864091671,5,4461
2025-01-31_12_07,1,1.0,0.2710144687086,2,5027
2025-01-31_12_07,4,2.0,0.2554669584382039,1,4715
2025-01-31_12_07,3,3.0,0.23553276026943534,6,3484
2025-01-31_12_07,6,4.0,0.10628355135951613,4,4243
2025-01-31_12_07,2,5.0,0.07014094049383542,3,4417
2025-01-31_12_07,5,6.0,0.06156132073040914,5,5311
2025-01-31_12_08,2,1.0,0.32676937634469067,1,4051
2025-01-31_12_08,4,2.0,0.2603407391263673,2,4122
2025-01-31_12_08,1,3.0,0.19234416173812968,3,4632
2025-01-31_12_08,3,4.0,0.09621108940482571,5,4563
2025-01-31_12_08,6,5.0,0.07872012481475171,6,5013
2025-01-31_12_08,5,6.0,0.04561450857123491,4,3372
2025-01-31_12_09,1,1.0,0.2465101647846701,3,3793
2025-01-31_12_09,3,2.0,0.19264945520064086,1,4531
2025-01-31_12_09,4,3.0,0.186405350040378,2,4560
2025-01-31_12_09,2,4.0,0.17772527277602435,5,2878
2025-01-31_12_09,6,5.0,0.12920766180201862,4,4688
2025-01-31_12_09,5,6.0,0.06750209539626793,6,4113
2025-01-31_12_10,1,1.0,0.4174546449632313,3,3792
2025-01-31_12_10,2,2.0,0.1860603596375856,1,5220
2025-01-31_12_10,4,3.0,0.17945266103577961,2,4528
2025-01-31_12_10,3,4.0,0.10205980598356294,4,3349
2025-01-31_12_10,6,5.0,0.05840194933382672,5,4863
2025-01-31_12_10,5,6.0,0.05657057904601374,6,4422
2025-01-31_12_11,1,1.0,0.38961906024442133,1,4958
2025-01-31_12_11,4,2.0,0.20616113174379078,2,4428
2025-01-31_12_11,3,3.0,0.18215752339699767,5,4523
2025-01-31_12_11,5,4.0,0.09653134204220688,6,3618
2025-01-31_12_11,2,5.0,0.08176682926125692,4,5065
2025-01-31_12_11,6,6.0,0.043764113311326514,3,5066
2025-01-31_12_12,1,1.0,0.4703478932938129,1,4715
2025-01-31_12_12,4,2.0,0.1889508363354314,5,3822
2025-01-31_12_12,3,3.0,0.11128550185225194,3,4474
2025-01-31_12_12,2,4.0,0.08833947758542386,6,4593
2025-01-31_12_12,5,5.0,0.08394536563092848,2,4496
2025-01-31_12_12,6,6.0,0.05713092530215127,4,4122
2025-01-31_13_01,3,1.0,0.3467814718751902,2,4886
2025-01-31_13_01,1,2.0,0.2926845261451865,1,3497
2025-01-31_13_01,6,3.0,0.12815173441976258,3,3527
2025-01-31_13_01,2,4.0,0.09570902929999231,5,3834
2025-01-31_13_01,4,5.0,0.08740273613894452,4,4023
2025-01-31_13_01,5,6.0,0.04927050212092392,6,5214
2025-01-31_13_02,1,1.0,0.5022612701167232,1,5044
2025-01-31_13_02,3,2.0,0.16019391837894867,2,3251
2025-01-31_13_02,6,3.0,0.12552873072696086,3,4700
2025-01-31_13_02,2,4.0,0.10965729911998649,4,5264
2025-01-31_13_02,5,5.0,0.08669201618723414,5,3656
2025-01-31_13_02,4,6.0,0.015666765470146757,6,5387
2025-01-31_13_03,3,1.0,0.2779591487216391,3,4017
2025-01-31_13_03,2,2.0,0.20157579957443797,1,4114
2025-01-31_13_03,4,3.0,0.14807019302306998,6,4487
2025-01-31_13_03,1,4.0,0.13513516312574592,2,4744
2025-01-31_13_03,6,5.0,0.13346008515256813,5,5126
2025-01-31_13_03,5,6.0,0.10379961040253881,4,3827
2025-01-31_13_04,1,1.0,0.3333294587654727,2,3176
2025-01-31_13_04,5,2.0,0.2633922374085507,6,3623
2025-01-31_13_04,2,3.0,0.1372827463387305,3,3664
2025-01-31_13_04,6,4.0,0.11152779630748279,5,5161
2025-01-31_13_04,4,5.0,0.09869829544864779,4,4263
2025-01-31_13_04,3,6.0,0.05576946573111546,1,3535
2025-01-31_13_05,1,1.0,0.3804379069073997,1,4425
2025-01-31_13_05,3,2.0,0.2205981566649894,2,3966
2025-01-31_13_05,5,3.0,0.13899033819780496,5,4766
2025-01-31_13_05,6,4.0,0.09507327146807082,4,5055
2025-01-31_13_05,2,5.0,0.09429985574662782,3,3741
2025-01-31_13_05,4,6.0,0.0706004710151074,6,5324
2025-01-31_13_06,1,1.0,0.4308297991604402,1,4402
2025-01-31_13_06,4,2.0,0.22520759207656607,3,4188
2025-01-31_13_06,2,3.0,0.133349951124109,5,3825
2025-01-31_13_06,5,4.0,0.10211646840375654,4,3558
2025-01-31_13_06,3,5.0,0.07369138359956723,2,4169
2025-01-31_13_06,6,6.0,0.034804805635561,6,5180
2025-01-31_13_07,1,1.0,0.3039969142591882,2,4020
2025-01-31_13_07,2,2.0,0.26728376143972365,1,4762
2025-01-31_13_07,3,3.0,0.18347094480691162,3,3527
2025-01-31_13_07,5,4.0,0.1475866354603327,5,3805
2025-01-31_13_07,6,5.0,0.0644493950107389,4,4487
2025-01-31_13_07,4,6.0,0.03321234902310494,6,5391
2025-01-31_13_08,6,1.0,0.4993499974726429,1,3623
2025-01-31_13_08,2,2.0,0.14264919357687122,3,4536
2025-01-31_13_08,1,3.0,0.11326785772447953,2,3656
2025-01-31_13_08,4,4.0,0.09300113479181656,6,4744
2025-01-31_13_08,3,5.0,0.08223601758576364,4,4034
2025-01-31_13_08,5,6.0,0.06949579884842615,5,3834
2025-01-31_13_09,1,1.0,0.4034164641538021,1,3251
2025-01-31_13_09,2,2.0,0.23524069555972446,2,5055
2025-01-31_13_09,5,3.0,0.11554750675345143,3,4886
2025-01-31_13_09,3,4.0,0.09291758180234024,5,5301
2025-01-31_13_09,6,5.0,0.09019947073763983,6,4114
2025-01-31_13_09,4,6.0,0.06267828099304193,4,3176
2025-01-31_13_10,1,1.0,0.40218190912796364,1,4263
2025-01-31_13_10,5,2.0,0.1999613012339196,4,4188
2025-01-31_13_10,3,3.0,0.1603507616520141,3,5126
2025-01-31_13_10,2,4.0,0.10442561062073692,5,4023
2025-01-31_13_10,6,5.0,0.06763999651323296,6,4425
2025-01-31_13_10,4,6.0,0.06544042085213277,2,5264
2025-01-31_13_11,1,1.0,0.38894275696928643,1,3966
2025-01-31_13_11,3,2.0,0.17437709924260225,4,5161
2025-01-31_13_11,5,3.0,0.12142350734660164,2,4017
2025-01-31_13_11,2,4.0,0.12133876475717587,5,4402
2025-01-31_13_11,6,5.0,0.0994257813431798,3,5044
2025-01-31_13_11,4,6.0,0.09449209034115408,6,4020
2025-01-31_13_12,1,1.0,0.4808124996434373,1,4762
2025-01-31_13_12,2,2.0,0.20463532414994617,2,4486
2025-01-31_13_12,4,3.0,0.09565234916330113,6,4766
2025-01-31_13_12,5,4.0,0.0955109847920277,3,4700
2025-01-31_13_12,6,5.0,0.06733305575908453,5,4536
2025-01-31_13_12,3,6.0,0.0560557864922032,4,3664
2025-01-31_14_01,1,1.0,0.4829839391822378,1,4161
2025-01-31_14_01,2,2.0,0.18325199176927515,3,4836
2025-01-31_14_01,3,3.0,0.1542291837250698,4,3477
2025-01-31_14_01,4,4.0,0.10271850658535302,5,4636
2025-01-31_14_01,5,5.0,0.055652630389153974,2,5337
2025-01-31_14_01,6,6.0,0.021163748348910345,6,5384
2025-01-31_14_02,5,1.0,0.43386971496557797,1,3024
2025-01-31_14_02,2,2.0,0.192600269026777,5,4981
2025-01-31_14_02,1,3.0,0.13389706517408023,6,4411
2025-01-31_14_02,4,4.0,0.11642420424115929,2,5031
2025-01-31_14_02,6,5.0,0.08181420754123135,4,4439
2025-01-31_14_02,3,6.0,0.04139453905117408,3,5138
2025-01-31_14_03,1,1.0,0.4232523870670921,2,3684
2025-01-31_14_03,4,2.0,0.2550197891067272,1,4134
2025-01-31_14_03,6,3.0,0.1057567480353966,3,3747
2025-01-31_14_03,2,4.0,0.10309804718813548,6,5054
2025-01-31_14_03,5,5.0,0.0647436765909388,4,4393
2025-01-31_14_03,3,6.0,0.04812935201170978,5,4035
2025-01-31_14_04,1,1.0,0.4401971703233132,2,4133
2025-01-31_14_04,5,2.0,0.25539518856443855,1,4371
2025-01-31_14_04,4,3.0,0.10949015039438814,3,3843
2025-01-31_14_04,2,4.0,0.08769255077667418,5,3246
2025-01-31_14_04,3,5.0,0.06533024688579324,6,5330
2025-01-31_14_04,6,6.0,0.041894693055392805,4,3660
2025-01-31_14_05,1,1.0,0.5288208742840322,1,4890
2025-01-31_14_05,2,2.0,0.16692742457453952,5,5137
2025-01-31_14_05,3,3.0,0.11450618268885676,2,4957
2025-01-31_14_05,6,4.0,0.07187771304487442,4,4939
2025-01-31_14_05,4,5.0,0.060499232398024676,6,4792
2025-01-31_14_05,5,6.0,0.05736857300967233,3,5132
2025-01-31_14_06,2,1.0,0.27025518860699055,1,4953
2025-01-31_14_06,1,2.0,0.1935049484237159,2,3922
2025-01-31_14_06,3,3.0,0.19284578838671143,4,5031
2025-01-31_14_06,6,4.0,0.182712302873053,6,4883
2025-01-31_14_06,5,5.0,0.10741501244952471,3,3553
2025-01-31_14_06,4,6.0,0.05326675926000438,5,5337
2025-01-31_14_07,2,1.0,0.24853856397659785,2,3613
2025-01-31_14_07,1,2.0,0.218254521576361,5,4636
2025-01-31_14_07,6,3.0,0.15425346794902212,1,4134
2025-01-31_14_07,5,4.0,0.1532888115589255,3,4377
2025-01-31_14_07,4,5.0,0.14886610584338056,4,3986
2025-01-31_14_07,3,6.0,0.076798529095713,6,4164
2025-01-31_14_08,1,1.0,0.4207743114718968,1,3843
2025-01-31_14_08,3,2.0,0.2387226359568957,2,4445
2025-01-31_14_08,2,3.0,0.183577798349627,3,4676
2025-01-31_14_08,6,4.0,0.09249665664430677,4,3381
2025-01-31_14_08,4,5.0,0.04092120303331881,5,5138
2025-01-31_14_08,5,6.0,0.023507394543954924,6,5384
2025-01-31_14_09,2,1.0,0.3279652585313969,1,3024
2025-01-31_14_09,1,2.0,0.24215909856953005,6,3832
2025-01-31_14_09,3,3.0,0.2408435439177883,2,4161
2025-01-31_14_09,5,4.0,0.08778644125532856,3,4890
2025-01-31_14_09,4,5.0,0.05954464944753208,5,4035
2025-01-31_14_09,6,6.0,0.041701008278424205,4,3361
2025-01-31_14_10,4,1.0,0.22377219856153668,2,3350
2025-01-31_14_10,1,2.0,0.20461569794747742,3,4393
2025-01-31_14_10,3,3.0,0.20095760742826146,5,4939
2025-01-31_14_10,5,4.0,0.18002413499706602,1,4411
2025-01-31_14_10,6,5.0,0.1222133994983507,4,4836
2025-01-31_14_10,2,6.0,0.0684169615673078,6,5330
2025-01-31_14_11,1,1.0,0.4367750212607768,2,4377
2025-01-31_14_11,3,2.0,0.19599043379624206,1,4371
2025-01-31_14_11,2,3.0,0.16020951165785424,3,4883
2025-01-31_14_11,4,4.0,0.1149623479889605,5,5137
2025-01-31_14_11,5,5.0,0.05740154183903473,6,3684
2025-01-31_14_11,6,6.0,0.034661143457131685,4,3477
2025-01-31_14_12,1,1.0,0.41411508853264356,4,4445
2025-01-31_14_12,2,2.0,0.18784893498267777,1,5132
2025-01-31_14_12,3,3.0,0.11458233819081964,5,5054
2025-01-31_14_12,4,4.0,0.11331223466148335,6,3613
2025-01-31_14_12,6,5.0,0.09838753941244195,2,4953
2025-01-31_14_12,5,6.0,0.07175386421993384,3,4133
2025-01-31_16_01,1,1.0,0.4474797996484092,2,4172
2025-01-31_16_01,4,2.0,0.18474742448291442,3,4467
2025-01-31_16_01,3,3.0,0.14401438056035235,1,4651
2025-01-31_16_01,2,4.0,0.12458296947849255,4,4390
2025-01-31_16_01,5,5.0,0.06556342626899248,5,3736
2025-01-31_16_01,6,6.0,0.033611999560839025,6,5338
2025-01-31_16_02,1,1.0,0.42968196981031864,1,3955
2025-01-31_16_02,4,2.0,0.19213629617685501,3,3714
2025-01-31_16_02,5,3.0,0.13932458278803175,4,4693
2025-01-31_16_02,3,4.0,0.1352068346606487,2,5178
2025-01-31_16_02,2,5.0,0.05466296193574245,5,5253
2025-01-31_16_02,6,6.0,0.04898735462840331,6,5372
2025-01-31_16_03,1,1.0,0.5485379598508886,1,4508
2025-01-31_16_03,4,2.0,0.28355662074268256,2,4529
2025-01-31_16_03,2,3.0,0.16790541940642886,3,4641
2025-01-31_16_04,1,1.0,0.383894743098657,1,4931
2025-01-31_16_04,4,2.0,0.18159583175136826,2,4323
2025-01-31_16_04,2,3.0,0.1407425152490921,4,3333
2025-01-31_16_04,3,4.0,0.12985291122347886,5,3881
2025-01-31_16_04,6,5.0,0.10328005913241428,3,4928
2025-01-31_16_04,5,6.0,0.06063393954498943,6,4521
2025-01-31_16_05,1,1.0,0.3215038844268468,2,4723
2025-01-31_16_05,3,2.0,0.1753751765546,5,4905
2025-01-31_16_05,6,3.0,0.1717170496463355,3,5224
2025-01-31_16_05,2,4.0,0.16678546176837558,1,4151
2025-01-31_16_05,4,5.0,0.11464787045045487,6,4592
2025-01-31_16_05,5,6.0,0.049970557153387406,4,5338
2025-01-31_16_06,1,1.0,0.45907205864248124,1,4980
2025-01-31_16_06,2,2.0,0.19627710917868205,3,4624
2025-01-31_16_06,3,3.0,0.12621688011862844,4,3300
2025-01-31_16_06,4,4.0,0.10177332428794865,2,4403
2025-01-31_16_06,5,5.0,0.08010452293326033,6,4467
2025-01-31_16_06,6,6.0,0.03655610483899959,5,5253
2025-01-31_16_07,1,1.0,0.589727385796812,1,3874
2025-01-31_16_07,6,2.0,0.12323491239226858,4,4424
2025-01-31_16_07,2,3.0,0.11438066782260038,2,3459
2025-01-31_16_07,3,4.0,0.07914121926590144,3,4641
2025-01-31_16_07,4,5.0,0.06385920938433298,5,4651
2025-01-31_16_07,5,6.0,0.02965660533808474,6,5372
2025-01-31_16_08,1,1.0,0.47380744723379076,1,4413
2025-01-31_16_08,2,2.0,0.15060557080144846,3,5243
2025-01-31_16_08,4,3.0,0.13089430605595423,2,3955
2025-01-31_16_08,6,4.0,0.1090601983681767,5,3333
2025-01-31_16_08,3,5.0,0.08256448378086285,4,3736
2025-01-31_16_08,5,6.0,0.05306799375976705,6,5178
2025-01-31_16_09,1,1.0,0.3313828459069296,1,4323
2025-01-31_16_09,4,2.0,0.3221898996285516,4,4928
2025-01-31_16_09,3,3.0,0.1672457250872032,2,4529
2025-01-31_16_09,6,4.0,0.06578438229824035,5,4723
2025-01-31_16_09,2,5.0,0.06287067374156292,3,4693
2025-01-31_16_09,5,6.0,0.050526473337512194,6,4390
2025-01-31_16_10,3,1.0,0.28975093528338075,3,4980
2025-01-31_16_10,1,2.0,0.23060411608609374,2,5224
2025-01-31_16_10,4,3.0,0.1720542756756779,5,4172
2025-01-31_16_10,2,4.0,0.13471073785076526,4,4521
2025-01-31_16_10,5,5.0,0.11726058370689842,1,4624
2025-01-31_16_10,6,6.0,0.055619351397183894,6,4905
2025-01-31_16_11,1,1.0,0.46652985542301867,1,4424
2025-01-31_16_11,2,2.0,0.2311567300795703,2,3874
2025-01-31_16_11,4,3.0,0.11815848672649525,3,4931
2025-01-31_16_11,5,4.0,0.07839957962778736,4,3300
2025-01-31_16_11,3,5.0,0.0705461138368618,6,4508
2025-01-31_16_11,6,6.0,0.035209234306266685,5,4151
2025-01-31_16_12,1,1.0,0.42506919358598916,1,4459
2025-01-31_16_12,2,2.0,0.15353455089160695,3,4364
2025-01-31_16_12,4,3.0,0.14240347655099064,2,5026
2025-01-31_16_12,3,4.0,0.13779770327348131,6,5134
2025-01-31_16_12,5,5.0,0.08925298900499125,5,4847
2025-01-31_16_12,6,6.0,0.051942086692940634,4,4452
2025-01-31_18_01,1,1.0,0.2685527591467734,4,4464
2025-01-31_18_01,3,2.0,0.22894165113968806,3,5088
2025-01-31_18_01,5,3.0,0.15516218131039108,6,3900
2025-01-31_18_01,4,4.0,0.14295903886867264,2,5163
2025-01-31_18_01,2,5.0,0.11839066836977757,1,4738
2025-01-31_18_01,6,6.0,0.08599370116469723,5,4183
2025-01-31_18_02,1,1.0,0.4543322584523526,1,5096
2025-01-31_18_02,4,2.0,0.2773396071992018,2,5166
2025-01-31_18_02,2,3.0,0.11162937262108098,5,5307
2025-01-31_18_02,3,4.0,0.0963761595165936,3,5242
2025-01-31_18_02,5,5.0,0.03516074911691207,4,5313
2025-01-31_18_02,6,6.0,0.025161853093859026,6,5235
2025-01-31_18_03,1,1.0,0.37596622620070835,2,4011
2025-01-31_18_03,4,2.0,0.1993530063757398,3,4482
2025-01-31_18_03,2,3.0,0.14735930488825766,1,5205
2025-01-31_18_03,5,4.0,0.13285987383483147,4,4874
2025-01-31_18_03,3,5.0,0.08172043285191542,5,5231
2025-01-31_18_03,6,6.0,0.06274115584854735,6,5146
2025-01-31_18_04,1,1.0,0.39362272713659335,1,5145
2025-01-31_18_04,4,2.0,0.2818397948805039,2,5087
2025-01-31_18_04,3,3.0,0.13899631973280244,5,5170
2025-01-31_18_04,2,4.0,0.08426677289180623,4,5223
2025-01-31_18_04,6,5.0,0.06795648937620402,3,5344
2025-01-31_18_04,5,6.0,0.033317895982089805,6,5375
2025-01-31_18_05,1,1.0,0.4609484451277675,1,4478
2025-01-31_18_05,3,2.0,0.20713177357891133,5,4183
2025-01-31_18_05,6,3.0,0.16793847510529297,3,5111
2025-01-31_18_05,2,4.0,0.09418723994802618,2,5123
2025-01-31_18_05,4,5.0,0.04043484591969832,4,5328
2025-01-31_18_05,5,6.0,0.029359220320303595,6,5353
2025-01-31_18_06,1,1.0,0.4326291325462499,1,5160
2025-01-31_18_06,2,2.0,0.26204930993816167,2,5096
2025-01-31_18_06,5,3.0,0.10350017890021522,6,4499
2025-01-31_18_06,4,4.0,0.07314050346158735,3,4947
2025-01-31_18_06,6,5.0,0.0648820687487991,5,3900
2025-01-31_18_06,3,6.0,0.0637988064049868,4,5238
2025-01-31_18_07,2,1.0,0.3197854687816938,5,5226
2025-01-31_18_07,1,2.0,0.2056076412899359,2,5242
2025-01-31_18_07,4,3.0,0.1476333103972898,1,4464
2025-01-31_18_07,5,4.0,0.1336383943811904,3,5205
2025-01-31_18_07,3,5.0,0.10013747151454858,6,5307
2025-01-31_18_07,6,6.0,0.09319771363534161,4,4045
2025-01-31_18_08,1,1.0,0.4464246891699969,1,5163
2025-01-31_18_08,2,2.0,0.22775565898798966,2,4984
2025-01-31_18_08,5,3.0,0.1789922865857504,3,5210
2025-01-31_18_08,4,4.0,0.10775812764301841,4,5313
2025-01-31_18_08,6,5.0,0.03906923761324464,5,5375
2025-01-31_18_09,1,1.0,0.5075212461729025,2,5166
2025-01-31_18_09,4,2.0,0.17347136110227152,1,4738
2025-01-31_18_09,2,3.0,0.13296974514524676,3,5105
2025-01-31_18_09,5,4.0,0.11253428577530789,4,4589
2025-01-31_18_09,6,5.0,0.03825366188618139,5,5231
2025-01-31_18_09,3,6.0,0.03524969991808989,6,5235
2025-01-31_18_10,1,1.0,0.5278809368590784,1,4845
2025-01-31_18_10,2,2.0,0.19935460835051733,2,5088
2025-01-31_18_10,3,3.0,0.12175456538161307,3,5146
2025-01-31_18_10,4,4.0,0.11145104446293905,5,5125
2025-01-31_18_10,5,5.0,0.03955884494585203,4,5344
2025-01-31_18_11,1,1.0,0.5075457485589276,1,5170
2025-01-31_18_11,2,2.0,0.18159572435375204,3,5145
2025-01-31_18_11,6,3.0,0.16786083415540176,2,4874
2025-01-31_18_11,4,4.0,0.05741305724023305,4,4014
2025-01-31_18_11,5,5.0,0.05262084542024879,6,4373
2025-01-31_18_11,3,6.0,0.03296379027143672,5,5289
2025-01-31_18_12,1,1.0,0.4358183736128663,1,4482
2025-01-31_18_12,4,2.0,0.18955215060718314,3,5142
2025-01-31_18_12,3,3.0,0.1288237153828112,6,4884
2025-01-31_18_12,5,4.0,0.09910701920565189,2,5087
2025-01-31_18_12,2,5.0,0.0985626891799995,4,5148
2025-01-31_18_12,6,6.0,0.04813605201148822,5,5216
2025-01-31_19_01,1,1.0,0.26141755441894304,1,3156
2025-01-31_19_01,2,2.0,0.23097180194651534,2,3572
2025-01-31_19_01,6,3.0,0.16471908989750442,4,4679
2025-01-31_19_01,3,4.0,0.14128140596149022,3,5067
2025-01-31_19_01,4,5.0,0.10237068966732252,5,5152
2025-01-31_19_01,5,6.0,0.09923945810822453,6,3462
2025-01-31_19_02,1,1.0,0.31378721099197077,1,4226
2025-01-31_19_02,3,2.0,0.19742307081613225,2,3458
2025-01-31_19_02,2,3.0,0.155247648803925,4,5023
2025-01-31_19_02,5,4.0,0.11749833567547406,5,4740
2025-01-31_19_02,4,5.0,0.10824487642385269,3,5122
2025-01-31_19_02,6,6.0,0.10779885728864523,6,3339
2025-01-31_19_03,1,1.0,0.49248155294095114,1,3711
2025-01-31_19_03,6,2.0,0.2259492540515373,3,4256
2025-01-31_19_03,3,3.0,0.10905592455373564,6,4457
2025-01-31_19_03,4,4.0,0.07933912372950717,4,4619
2025-01-31_19_03,2,5.0,0.05927069888529418,2,4277
2025-01-31_19_03,5,6.0,0.03390344583897435,5,5343
2025-01-31_19_04,1,1.0,0.4728569002353997,4,4985
2025-01-31_19_04,4,2.0,0.2513329064742982,2,4631
2025-01-31_19_04,5,3.0,0.09720062351297235,1,4396
2025-01-31_19_04,2,4.0,0.08142505891166359,5,5060
2025-01-31_19_04,3,5.0,0.05794095248426143,6,3467
2025-01-31_19_04,6,6.0,0.03924355838140469,3,5351
2025-01-31_19_05,1,1.0,0.42646473626188103,1,4607
2025-01-31_19_05,2,2.0,0.2263414223034452,2,4702
2025-01-31_19_05,3,3.0,0.17033854050077782,3,4239
2025-01-31_19_05,5,4.0,0.0878463092116845,4,5102
2025-01-31_19_05,4,5.0,0.060380272843951144,5,5070
2025-01-31_19_05,6,6.0,0.028628718878260052,6,5363
2025-01-31_19_06,1,1.0,0.49828078745037735,1,3473
2025-01-31_19_06,3,2.0,0.23182339821729087,5,4089
2025-01-31_19_06,6,3.0,0.08171822323888273,4,4598
2025-01-31_19_06,4,4.0,0.0749058661659806,3,5074
2025-01-31_19_06,2,5.0,0.06039547366371182,2,4211
2025-01-31_19_06,5,6.0,0.052876251263756696,6,5067
2025-01-31_19_07,1,1.0,0.30476911541595064,4,4022
2025-01-31_19_07,3,2.0,0.27029082482135136,2,3737
2025-01-31_19_07,4,3.0,0.17265766832269686,1,4710
2025-01-31_19_07,5,4.0,0.1199924567507769,6,3572
2025-01-31_19_07,6,5.0,0.08088503641637185,3,3458
2025-01-31_19_07,2,6.0,0.05140489827285242,5,4081
2025-01-31_19_08,2,1.0,0.28569279302987116,3,3730
2025-01-31_19_08,5,2.0,0.27868285336985815,1,5023
2025-01-31_19_08,4,3.0,0.23110032863049024,5,4729
2025-01-31_19_08,3,4.0,0.14651134981499817,2,3156
2025-01-31_19_08,6,5.0,0.05801267515478221,4,5343
2025-01-31_19_09,1,1.0,0.509627838398579,1,4395
2025-01-31_19_09,6,2.0,0.14231257607673997,6,3562
2025-01-31_19_09,3,3.0,0.1317780509895894,2,4226
2025-01-31_19_09,5,4.0,0.07504166275454976,3,4619
2025-01-31_19_09,2,5.0,0.07387087155757217,5,3462
2025-01-31_19_09,4,6.0,0.06736900022296985,4,4837
2025-01-31_19_10,1,1.0,0.39959262170544624,1,4239
2025-01-31_19_10,3,2.0,0.2185207162705686,3,4598
2025-01-31_19_10,4,3.0,0.18411753643714346,2,4679
2025-01-31_19_10,2,4.0,0.0774505676482244,5,4457
2025-01-31_19_10,6,5.0,0.06158597998712043,6,4631
2025-01-31_19_10,5,6.0,0.058732577951496875,4,5122
2025-01-31_19_11,1,1.0,0.3939018938937522,1,4089
2025-01-31_19_11,3,2.0,0.20678491226333845,2,3711
2025-01-31_19_11,4,3.0,0.15749077549158214,5,4607
2025-01-31_19_11,2,4.0,0.09254683028823997,3,4740
2025-01-31_19_11,5,5.0,0.074653013154131,6,5060
2025-01-31_19_11,6,6.0,0.07462257490895609,4,4710
2025-01-31_19_12,1,1.0,0.4773148783185419,1,3737
2025-01-31_19_12,3,2.0,0.1836651156224527,4,4256
2025-01-31_19_12,2,3.0,0.1614407230292162,2,3473
2025-01-31_19_12,4,4.0,0.09872281739335909,5,4985
2025-01-31_19_12,6,5.0,0.0788564656364301,3,4702
2025-01-31_24_01,1,1.0,0.23234009421997467,4,4124
2025-01-31_24_01,4,2.0,0.1812004713448114,1,4227
2025-01-31_24_01,3,3.0,0.16813606925665198,6,3944
2025-01-31_24_01,2,4.0,0.15438917068671615,3,4266
2025-01-31_24_01,5,5.0,0.13813436597524056,2,4042
2025-01-31_24_01,6,6.0,0.12579982851660537,5,4236
2025-01-31_24_02,1,1.0,0.2454821841507544,1,3961
2025-01-31_24_02,5,2.0,0.1663002337864948,3,4356
2025-01-31_24_02,4,3.0,0.1573173598654084,5,3940
2025-01-31_24_02,2,4.0,0.1502363642495354,2,4645
2025-01-31_24_02,6,5.0,0.14733081356728023,4,4352
2025-01-31_24_02,3,6.0,0.13333304438052673,6,3548
2025-01-31_24_03,1,1.0,0.3498724881362756,5,4888
2025-01-31_24_03,2,2.0,0.20318209182661154,2,4514
2025-01-31_24_03,3,3.0,0.1778139794317365,6,4066
2025-01-31_24_03,4,4.0,0.11162642759405317,3,4025
2025-01-31_24_03,6,5.0,0.10429940188418413,4,4497
2025-01-31_24_03,5,6.0,0.053205611127139105,1,4003
2025-01-31_24_04,1,1.0,0.2683899946496333,2,5038
2025-01-31_24_04,2,2.0,0.1968028979890115,1,4754
2025-01-31_24_04,3,3.0,0.17590245547656594,4,4409
2025-01-31_24_04,4,4.0,0.14941518208995166,3,4831
2025-01-31_24_04,6,5.0,0.12373881108108203,5,3716
2025-01-31_24_04,5,6.0,0.08575065871375562,6,4171
2025-01-31_24_05,1,1.0,0.49134764937913616,2,4236
2025-01-31_24_05,2,2.0,0.16247070680560505,5,5068
2025-01-31_24_05,3,3.0,0.16161246091075784,1,4547
2025-01-31_24_05,4,4.0,0.08434903114064243,4,3489
2025-01-31_24_05,6,5.0,0.05659967089191346,6,4227
2025-01-31_24_05,5,6.0,0.04362048087194509,3,4057
2025-01-31_24_06,1,1.0,0.3589242515279201,2,4352
2025-01-31_24_06,2,2.0,0.21721704641911785,1,4042
2025-01-31_24_06,3,3.0,0.15496743262273804,5,4611
2025-01-31_24_06,5,4.0,0.1074003835918825,6,4388
2025-01-31_24_06,4,5.0,0.10575289226565386,3,4124
2025-01-31_24_06,6,6.0,0.055737993572687654,4,3961
2025-01-31_24_07,1,1.0,0.4516743305356004,3,4497
2025-01-31_24_07,3,2.0,0.15619348931132535,1,4356
2025-01-31_24_07,4,3.0,0.15552042060935606,4,5191
2025-01-31_24_07,2,4.0,0.10500352490546032,2,4706
2025-01-31_24_07,5,5.0,0.08384685198453751,6,4266
2025-01-31_24_07,6,6.0,0.0477613826537205,5,4888
2025-01-31_24_08,1,1.0,0.36307800157773756,1,3716
2025-01-31_24_08,3,2.0,0.21712423575033074,2,4514
2025-01-31_24_08,2,3.0,0.16566693755207065,3,3944
2025-01-31_24_08,4,4.0,0.09363688141161716,6,4645
2025-01-31_24_08,5,5.0,0.08469500395056057,5,3548
2025-01-31_24_08,6,6.0,0.07579893975768315,4,4831
2025-01-31_24_09,1,1.0,0.4916673628304791,1,4537
2025-01-31_24_09,4,2.0,0.13532636798148745,5,3783
2025-01-31_24_09,2,3.0,0.12571602989757175,2,3719
2025-01-31_24_09,5,4.0,0.08962553198972109,3,4477
2025-01-31_24_09,6,5.0,0.08308328255972863,4,5034
2025-01-31_24_09,3,6.0,0.07458142474101195,6,4471
2025-01-31_24_10,1,1.0,0.545488655708309,1,3779
2025-01-31_24_10,2,2.0,0.18836568088576233,4,3996
2025-01-31_24_10,3,3.0,0.1281109878578545,6,4427
2025-01-31_24_10,5,4.0,0.05548062033116227,3,4075
2025-01-31_24_10,6,5.0,0.04495791611388859,2,5050
2025-01-31_24_10,4,6.0,0.03759613910302325,5,4713
2025-01-31_24_11,1,1.0,0.4658029098097482,1,4573
2025-01-31_24_11,3,2.0,0.12958290947710696,5,4302
2025-01-31_24_11,6,3.0,0.11414726698547897,3,4601
2025-01-31_24_11,2,4.0,0.11243189237717056,2,4324
2025-01-31_24_11,5,5.0,0.10744971198929383,4,4848
2025-01-31_24_11,4,6.0,0.07058530936120147,6,4370
2025-01-31_24_12,1,1.0,0.3823405932923894,1,4547
2025-01-31_24_12,3,2.0,0.23621225075704144,4,5191
2025-01-31_24_12,2,3.0,0.14458793084781843,2,4611
2025-01-31_24_12,4,4.0,0.10768601329683974,3,4530
2025-01-31_24_12,5,5.0,0.08569725119045012,6,4409
2025-01-31_24_12,6,6.0,0.04347596061546096,4,5129
